,Title,Published_date,Views,Likes,Favorite,Comments,Month
0,"""‡§∏‡§Æ‡§Ø"" Ki Importance Samjho ü§ó",2022-06-23,10482,2213,0,30,Jun
1,Good Luck & Best Wishes üòá to all JEE MAIN 2022 (1st Attempt) Aspirants üî•,2022-06-22,105634,11690,0,712,Jun
2,JEE MAIN me kal FOD ke aana hai !!! üî•üî•,2022-06-22,96287,11092,0,239,Jun
3,Kya PW bhi Badal Jayega? ü•∫,2022-06-22,33288,3593,0,78,Jun
4,"""Time"" ‡§∏‡§¨‡§∏‡•á ‡§ï‡•Ä‡§Æ‡§§‡•Ä ‡§π‡•à üî•",2022-06-22,35527,4687,0,36,Jun
5,KOTA ‡§ï‡§æ ‡§á‡§§‡§ø‡§π‡§æ‡§∏ üî•,2022-06-21,95065,11673,0,95,Jun
6,Apne Bachchon Ko Unchaiyo Par Le Jaana Hai !!! üôè,2022-06-21,66447,8420,0,121,Jun
7,CHEMISTRY IN EVERYDAY LIFE in 1 Shot | From Zero to Hero | JEE Mains & Advanced,2022-06-20,29825,1546,0,134,Jun
8,JEE MAIN : MAHA REVISION || Complete ORGANIC CHEMISTRY (Part - 2) in 6 Hours üî•,2022-06-20,70832,3659,0,188,Jun
9,"""PW"" Grand Entry in ""KOTA"" üî•",2022-06-20,49921,4531,0,63,Jun
10,"‡§¶‡•Ç‡§∏‡§∞‡•á ‡§ï‡•Ä ""Gf"" ‡§î‡§∞ ‡§¶‡•Ç‡§∏‡§∞‡•á ‡§ï‡•Ä ""Notes""!! üòÇüòÇ",2022-06-20,65827,6912,0,148,Jun
11,‡§ï‡§≠‡•Ä ‡§∏‡•ã‡§ö‡§æ ‡§®‡§π‡•Ä ‡§•‡§æ ‡§ï‡§ø KOTA ‡§Æ‡•á ‡§Ö‡§™‡§®‡§æ Coaching ‡§ñ‡•ã‡§≤‡•á‡§Ç‡§ó‡•á !!! ü•∫,2022-06-19,147612,20435,0,137,Jun
12,JEE MAIN : MAHA REVISION || Complete ORGANIC CHEMISTRY in 6 Hours üî•,2022-06-19,103504,4950,0,213,Jun
13,Good Morning Bachhon !!! ‡§ï‡§≠‡•Ä DEMOTIVATE ‡§Æ‡§§ ‡§π‡•ã‡§®‡§æ üî•,2022-06-19,183919,19419,0,379,Jun
14,JEE MAIN : MAHA REVISION || Complete MATHS in 12 Hours üî•,2022-06-18,247824,10673,0,420,Jun
15,Kya DEGREE Matter Karti Hai? ü§î,2022-06-18,126723,16422,0,76,Jun
16,"THINK Like an ""IITian"" ü§©",2022-06-18,47278,4112,0,193,Jun
17,Sir Hamari Pitaayi Nahi Ho Paa Rahi !!! ü§≠,2022-06-18,111645,15044,0,230,Jun
18,JEE MAIN : MAHA REVISION || Complete INORGANIC CHEMISTRY in 4 Hours üî•,2022-06-17,179093,8605,0,427,Jun
19,KOTA me REVOLUTION Ab Start Hoga üî•,2022-06-17,266748,23749,0,270,Jun
20,JEE MAIN : MAHA REVISION || Complete PHYSICAL CHEMISTRY in 4 Hours üî•,2022-06-17,263167,13241,0,468,Jun
21,Mummy Ke Liye Kuch Bada Karna Hai!!! üôè,2022-06-17,94419,13650,0,77,Jun
22,Kya Alakh Sir BUSINESS MAN Ban Gaye? ü§î,2022-06-17,340467,33230,0,202,Jun
23,JEE MAIN : MAHA REVISION || Complete PHYSICS in 12 Hours üí•,2022-06-16,447996,18051,0,1194,Jun
24,PW Aa Gaya Hai KOTA üî•,2022-06-16,150413,17933,0,240,Jun
25,Tips & Tricks to SCORE 200+ in JEE MAIN 2022 üî•,2022-06-16,76222,6799,0,489,Jun
26,Alakh Sir Ki STRUGGLE LIFE üôÇ,2022-06-16,206252,23223,0,80,Jun
27,INDEFINITE INTEGRATION in 1 Shot | From Zero to Hero | JEE Mains & Advanced,2022-06-15,53856,2918,0,132,Jun
28,TOPPER Kon Banega???,2022-06-15,68411,8298,0,101,Jun
29,WAVES - 15 Most Important PYQs in 1 Shot || JEE Main,2022-06-15,14150,714,0,124,Jun
30,"""KOTA"" ‡§Ü ‡§∞‡§π‡•á ‡§π‡•à‡§Ç ‡§π‡§Æ!! ‚ú®",2022-06-15,147962,18890,0,169,Jun
31,PARABOLA - 15 Most Important PYQs in 1 Shot || JEE Main,2022-06-15,10156,477,0,96,Jun
32,THE S-BLOCK ELEMENTS in 1 Shot | From Zero to Hero | JEE Main & Advanced,2022-06-15,30758,1745,0,175,Jun
33,2 DAYS BIGGEST OFFER !!! Class 12th JEE & NEET || ‚Çπ1800 for Complete Batch üî•,2022-06-14,17525,1017,0,238,Jun
34,METHOD OF DIFFERENTIATION in 1 Shot | From Zero to Hero | JEE Mains & Advanced,2022-06-14,42712,2290,0,282,Jun
35,"""Motivation"" ‡§ú‡§≤‡•ç‡§¶‡•Ä ‡§Æ‡§∞ ‡§ú‡§æ‡§§‡•Ä ‡§π‡•à!!! üò≥",2022-06-14,46939,5965,0,35,Jun
36,CIRCLES - 15 Most Important PYQs in 1 Shot || JEE Mains,2022-06-14,13679,720,0,97,Jun
37,Homework ‡§§‡•ã ‡§Ö‡§ö‡•ç‡§õ‡•á ‡§¨‡§ö‡•ç‡§ö‡•á ‡§ï‡§∞‡§§‡•á  ‡§π‡•à ‡§î‡§∞ ‡§π‡§Æ‡§æ‡§∞‡•Ä ‡§∂‡§ï‡§≤ ‡§§‡•ã ‡§Ö‡§ö‡•ç‡§õ‡•Ä ‡§π‡•à ‡§®‡§π‡•Ä... SIGMA RULE üòÇ,2022-06-14,51271,3806,0,52,Jun
38,ENVIRONMENTAL CHEMISTRY in 1 Shot | From Zero to Hero | JEE Mains & Advanced,2022-06-14,24125,1206,0,105,Jun
39,WAVE MOTION in 1 Shot | From Zero to Hero | JEE Main & Advanced,2022-06-13,41812,2422,0,48,Jun
40,Oscillations -15 Most Important PYQs in 1 Shot || JEE Mains,2022-06-13,12546,695,0,127,Jun
41,"‡§Æ‡•à‡§Ç ‡§á‡§§‡§®‡•Ä ""MEHNAT"" ‡§ï‡§∞‡•Ç‡§Å‡§ó‡§æ!‚úçÔ∏è",2022-06-13,117573,16438,0,84,Jun
42,IUPAC -  15 Most Important PYQs in 1 Shot || JEE Main,2022-06-13,46523,3128,0,537,Jun
43,"""Sapna"" ‡§§‡•ã ‡§Æ‡•á‡§∞‡§æ ‡§≠‡•Ä ‡§•‡§æ!!! ü•∫üí≠",2022-06-13,54663,6875,0,69,Jun
44,COMPLEX NUMBER (PART - 3) in 1 Shot | From Zero to Hero | JEE Mains & Advanced,2022-06-12,17655,948,0,197,Jun
45,POLYMER in 1 Shot | From Zero to Hero | JEE Mains & Advanced,2022-06-12,27474,1315,0,119,Jun
46,AREA UNDER THE CURVE in 1 Shot | From Zero to Hero | JEE Mains & Advanced,2022-06-12,46299,2679,0,62,Jun
47,"‡§á‡§∏‡•ç‡§∏‡•á ‡§ï‡•Å‡§õ ‡§®‡§π‡•Ä ‡§π‡•ã‡§®‡•á ‡§µ‡§æ‡§≤‡§æ ‡§π‡•à ""Tumhara""!! üò•",2022-06-12,71507,7552,0,25,Jun
48,REDOX REACTION in 1 Shot | From Zero to Hero | JEE Mains & Advanced,2022-06-11,39890,2001,0,197,Jun
49,"""Focus"" On Your ""Studies""üí•",2022-06-11,79045,11014,0,32,Jun
50,Straight Lines - 15 Most Important PYQs in 1 Shot || JEE Main,2022-06-11,20419,1033,0,182,Jun
51,Risk Hai To Ishq Hai !!! #Sigma Rule üî•,2022-06-11,58596,5596,0,48,Jun
52,Kill your Plan B üî•,2022-06-10,62848,7470,0,43,Jun
53,Electrochemistry : How Important is This For JEE MAIN 2022üî•üî•,2022-06-10,40896,3070,0,297,Jun
54,GOC - 15 Most Important PYQs in 1 Shot || JEE Main,2022-06-10,37189,2403,0,58,Jun
55,"OSCILLATIONS in 1 Shot | Seene me Aag Lagao !! Boards, JEE Main & Advanced Teeno Niptao",2022-06-10,47091,2393,0,215,Jun
56,Tumhare Sapno Mein Jaan hai??,2022-06-10,41126,4622,0,43,Jun
57,CONTINUITY AND DIFFERENTIABILITY in 1 Shot | From Zero to Hero | JEE Mains & Advanced,2022-06-09,141552,7591,0,178,Jun
58,"‡§∏‡§æ‡§• ‡§®‡§ø‡§≠‡§æ‡§®‡•á ‡§ï‡•Ä ""‡§ú‡§ø‡§Æ‡•ç‡§Æ‡•á‡§¶‡§æ‡§∞‡•Ä"" ‡§Æ‡•á‡§∞‡•Ä ‡§π‡•à!!! üôèüòá",2022-06-09,113897,11531,0,106,Jun
59,Heat And Thermodynamics -15 Most Important PYQs in 1 Shot || JEE Main,2022-06-09,20469,1162,0,220,Jun
60,Surface Chemistry - 15 Most Important PYQs in 1 Shot || JEE Main,2022-06-09,19744,1187,0,193,Jun
61,PW ‡§ï‡•á ‡§™‡§æ‡§∏ ‡§¨‡§ö‡•ç‡§ö‡•á ‡§ï‡•ç‡§Ø‡•ã‡§Ç ‡§Ü‡§§‡•á ‡§π‡•à!! ü§î,2022-06-09,116835,13196,0,62,Jun
62,Electrochemistry - 15 Most Important PYQs in 1 Shot || JEE Main,2022-06-08,23451,1215,0,166,Jun
63,BIOMOLECULES in 1 Shot | From Zero to Hero | JEE Mains & Advanced,2022-06-08,38832,1654,0,188,Jun
64,MATRICES AND DETERMINANTS (PART - 2) in 1 Shot | From Zero to Hero | JEE Mains & Advanced,2022-06-08,63318,2940,0,103,Jun
65,"‡§Ü‡§ú ‡§ú‡•ã ‡§ï‡§æ‡§Æ ‡§ï‡§∞‡•ã‡§ó‡•á ‡§â‡§∏‡§∏‡•á ‡§§‡•Å‡§Æ‡•ç‡§π‡§æ‡§∞‡§æ ""Future"" ‡§∏‡•Å‡§ß‡§∞‡•á‡§ó‡§æ!!",2022-06-08,61071,7212,0,26,Jun
66,Sequence And Series - 15 Most Important PYQs in 1 Shot || JEE Main,2022-06-08,22476,1109,0,158,Jun
67,"""Manzil"" ‡•õ‡§∞‡•Ç‡§∞ ‡§Æ‡§ø‡§≤‡•á‡§ó‡•Ä!üí•",2022-06-08,86638,12122,0,45,Jun
68,MATRICES AND DETERMINANTS (PART - 1) in 1 Shot | From Zero to Hero | JEE Mains & Advanced,2022-06-07,109050,4950,0,193,Jun
69,"""Manzil"" ‡§§‡•ã ‡§Æ‡§ø‡§≤ ‡§π‡•Ä ‡§ú‡§æ‡§è‡§ó‡•Ä!üí™",2022-06-07,45553,5278,0,26,Jun
70,Chemical Kinetics - 15 Most Important PYQs in 1 Shot || JEE Main,2022-06-07,27182,1525,0,144,Jun
71,"‡§ú‡•ã ‡§∏‡§¨‡§∏‡•á ‡§ú‡•ç‡§Ø‡§æ‡§¶‡§æ ""Fail"" ‡§π‡•ã‡§ó‡§æ, ‡§µ‡§π‡•Ä ‡§∏‡§¨‡§∏‡•á ‡§ú‡•ç‡§Ø‡§æ‡§¶‡§æ ""Success"" ‡§ï‡§∞‡•á‡§ó‡§æ!",2022-06-07,60249,7498,0,46,Jun
72,THERMAL PROPERTIES OF MATTER in 1 Shot | From Zero to Hero | JEE Main & Advanced,2022-06-06,22593,916,0,127,Jun
73,Bas Mehnat Karoüî•,2022-06-06,48027,4657,0,26,Jun
74,Mechanical Properties Of Solids And Fluids -15 Most Important PYQs in 1 Shot || JEE Main,2022-06-06,17066,957,0,252,Jun
75,We don't have time!!! ü•∫,2022-06-06,62766,8715,0,33,Jun
76,AMINES in 1 Shot | From Zero to Hero | JEE Mains & Advanced,2022-06-05,33563,1895,0,70,Jun
77,Alakh Sir ‡§®‡•á ‡§ï‡§ø‡§§‡§®‡•á ‡§≤‡•ã‡§ó‡•ã‡§Ç ‡§ï‡•ã ‡§∞‡•ã‡§ú‡§ó‡§æ‡§∞ ‡§¶‡§ø‡§Ø‡§æ ‡§π‡•à? SIGMA RULE üòÇ,2022-06-05,3122804,302812,0,669,Jun
78,Inverse Trigonometric Functions - 15 Most Important PYQs in 1 Shot || JEE Main,2022-06-05,21650,1083,0,205,Jun
79,"""‡§ï‡•ç‡§Ø‡§æ ‡§Ü‡§™ ‡§Ö‡§™‡§®‡•á ‡§¨‡§ö‡•ç‡§ö‡•ã‡§Ç ‡§ï‡•ã ‡§à‡§Æ‡§æ‡§®‡§¶‡§æ‡§∞‡•Ä ‡§ï‡§æ ‡§™‡§æ‡§† ‡§™‡•ù‡§æ‡§§‡•á ‡§π‡•à?"" Er. Manish Kashyap Asked !!!",2022-06-05,287584,26620,0,124,Jun
80,MECHANICAL PROPERTIES OF FLUIDS in 1 Shot | From Zero to Hero | JEE Main & Advanced,2022-06-04,38908,2128,0,60,Jun
81,COMPLEX NUMBER (PART - 2) in 1 Shot | From Zero to Hero | JEE Mains & Advanced,2022-06-04,34649,2054,0,89,Jun
82,Solutions - 15 Most Important PYQs in 1 Shot || JEE Main,2022-06-04,26190,1465,0,238,Jun
83,"""Life"" ‡§Æ‡•á‡§Ç ‡§Ø‡•á 3 ‡§ö‡•Ä‡§ú‡•á‡§Ç ‡§ï‡§≠‡•Ä ‡§Æ‡§§ ‡§õ‡•ã‡§°‡§º‡§®‡§æ!!!",2022-06-04,72193,7969,0,104,Jun
84,Er. Manish Kashyap ‡§™‡§π‡•Å‡§Ç‡§ö‡•á PW Pathshala !!! üî•,2022-06-04,266571,19243,0,184,Jun
85,You can't Miss This Most Repeated Question of Maths in JEE MAIN 2022 !!! üî•üî•,2022-06-03,24574,1701,0,296,Jun
86,MATHEMATICAL REASONING in 1 Shot | From Zero to Hero | JEE Mains & Advanced,2022-06-03,39801,1727,0,174,Jun
87,"18-20 Ghanta"" ‡§™‡•ù‡§®‡§æ ‡§™‡•ú‡•á‡§ó‡§æ!!üí•",2022-06-03,202080,30973,0,439,Jun
88,Gravitation -15 Most Important PYQs in 1 Shot || JEE Main,2022-06-03,22913,1256,0,254,Jun
89,STATISTICS in 1 Shot | From Zero to Hero | JEE Mains & Advanced,2022-06-03,26921,1229,0,167,Jun
90,Permutations And Combinations - 15 Most Important PYQs in 1 Shot || JEE Main,2022-06-03,22146,1086,0,350,Jun
91,ALDEHYDES KETONES AND CARBOXYLIC ACIDS in 1 Shot | From Zero to Hero | JEE Mains & Advanced,2022-06-02,20838,892,0,146,Jun
92,MECHANICAL PROPERTIES OF SOLIDS in 1 Shot | From Zero to Hero | JEE Main & Advanced,2022-06-02,22061,971,0,130,Jun
93,"""Most Important Time"" ‡§∏‡§Æ‡§ù‡•ã ‡§á‡§∏ ‡§¨‡§æ‡§§ ‡§ï‡•ã üò§",2022-06-02,112368,18291,0,91,Jun
94,The Solid State - 15 Most Important PYQs in 1 Shot || JEE Main,2022-06-02,28641,1532,0,133,Jun
95,COMPLEX NUMBER (PART - 1) in 1 Shot | From Zero to Hero | JEE Mains & Advanced,2022-06-01,71262,3748,0,213,Jun
96,Shukriya Unka Jinhone Mera Dil Tor Diyaüôè,2022-06-01,48346,4930,0,39,Jun
97,Redox and Equivalent Concept - 15 Most Important PYQs in 1 Shot || JEE Main,2022-06-01,16164,832,0,119,Jun
98,HYDROCARBON in 1 Shot (PART 2) | From Zero to Hero | JEE Mains & Advanced,2022-06-01,19861,1006,0,131,Jun
99,Rotational Motion - 15 Most Important PYQs in 1 Shot || JEE Main,2022-05-31,26047,1380,0,346,May
100,‡§Ö‡§™‡§®‡•á ‡§á‡§∞‡§æ‡§¶‡•á ‡§Æ‡§ú‡§¨‡•Ç‡§§ ‡§∞‡§ñ‡•ã!!!,2022-05-31,38285,4687,0,27,May
101,"ALCOHOLS, PHENOLS AND ETHERS in 1 Shot | From Zero to Hero | JEE Mains & Advanced",2022-05-30,32539,1434,0,214,May
102,"""Hardwork"" ‡§ï‡§≠‡•Ä ""Waste"" ‡§®‡§π‡•Ä‡§Ç ‡§π‡•ã‡§§‡§æ üî•",2022-05-30,87078,11558,0,57,May
103,Complex Numbers - 15 Most Important PYQs in 1 Shot || JEE Main,2022-05-30,29851,1522,0,263,May
104,SOLUTION OF TRIANGLE in 1 Shot | From Zero to Hero | JEE Mains & Advanced,2022-05-29,43011,2548,0,80,May
105,"""Numbers"" ‡§ï‡•á ‡§¨‡§æ‡§∞‡•á ‡§Æ‡•á ‡§Æ‡§§ ‡§∏‡•ã‡§ö‡•ã üò∞",2022-05-29,75444,10546,0,61,May
106,Know This Trick in Maths For JEE MAIN 2022üî•üî•,2022-05-29,34371,2706,0,286,May
107,Equilibrium - 15 Most Important PYQs in 1 Shot || JEE Main,2022-05-29,24753,1315,0,165,May
108,GRAVITATION in 1 Shot | From Zero to Hero | JEE Main & Advanced,2022-05-28,55406,2267,0,272,May
109,"""KAAM"" ‡§π‡•à ‡§§‡•ã, ""JEEVAN"" ‡§Æ‡•á‡§Ç ‡§®‡§æ‡§Æ ‡§π‡•à!!üî•",2022-05-28,41200,5834,0,66,May
110,"Work, Energy And Power - 15 Most Important PYQs in 1 Shot || JEE Main",2022-05-28,28429,1464,0,630,May
111,Sabko ‚Çπ1000 Milega üí∞ Install PW App Now üî•,2022-05-28,27801,2164,0,58,May
112,HALOALKANES AND HALOARENES in 1 Shot | From Zero to Hero | JEE Mains & Advanced,2022-05-27,60985,3140,0,197,May
113,Ramlals Ramlals Ramlals!!!,2022-05-27,44631,3962,0,73,May
114,Quadratic Equation - 15 Most Important PYQs in 1 Shot | JEE Main,2022-05-27,39809,1951,0,241,May
115,"WORK, ENERGY AND POWER in 1 Shot | From Zero to Hero | JEE Main & Advanced",2022-05-26,40474,1840,0,214,May
116,Ab Tum Bhi IITian Banoge ü§©üí™ #ShunyaSeAlakhTak,2022-05-26,57766,6463,0,74,May
117,Thermodynamics - 15 Most Important PYQs in 1 Shot || JEE Main,2022-05-26,29566,1521,0,168,May
118,INVERSE TRIGNOMETRIC FUNCTIONS in 1 Shot | From Zero to Hero | JEE Main & Advanced,2022-05-26,43369,1809,0,279,May
119,PW!!..... EK REVOLUTION üî• #ShunyaSeAlakhTak,2022-05-26,40550,4920,0,204,May
120,PW Sabse Unique Hai ! ü§© #ShunyaSeAlakhTak,2022-05-25,92294,7810,0,282,May
121,PW is The Definition of Success ! üí™ #2SaalBemisaal,2022-05-25,27525,2652,0,60,May
122,Laws of Motion - 15 Most Important PYQs in 1 Shot || JEE Main,2022-05-25,39273,2102,0,759,May
123,An exciting journey with PWü§© #ShunyaSeAlakhTak,2022-05-24,68750,10930,0,268,May
124,HYDROCARBONS in 1 Shot (PART 1) | From Zero to Hero | JEE Main & Advanced,2022-05-24,62359,2501,0,568,May
125,PW App ke Birthday üéâ par sabko milega SURPRISE üí´ #2SaalBemisaal,2022-05-24,55464,5380,0,104,May
126,Binomial Theorem - 15 Most Important PYQs in 1 Shot || JEE Main,2022-05-24,38086,1921,0,457,May
127,Upcoming Surprise by Physics Wallah on 26th May!üéâüòç #2SaalBemisaal,2022-05-23,132958,16656,0,270,May
128,COMMUNICATION SYSTEMS in 1 Shot | From Zero to Hero | JEE Main & Advanced,2022-05-23,44001,1805,0,137,May
129,This Concept Can Get You 4 Marks For Free üòÄ,2022-05-23,31379,2622,0,149,May
130,States of Matter - 15 Most Important PYQs in 1 Shot || JEE Main,2022-05-23,27373,1420,0,199,May
131,TRIGONOMETRIC EQUATIONS in 1 Shot | From Zero to Hero | JEE Mains & Advanced,2022-05-22,59539,3174,0,147,May
132,‡§†‡§æ‡§® ‡§≤‡•ã ‡§§‡•ã ‡§†‡§æ‡§® ‡§≤‡•ã ‚ö°,2022-05-22,63708,9211,0,70,May
133,Kinematics - 15 Most Important PYQs in 1 Shot || JEE Main,2022-05-22,48569,2750,0,609,May
134,D AND F BLOCK ELEMENTS  in 1 Shot | From Zero to Hero | JEE Main & Advanced,2022-05-21,52450,2277,0,243,May
135,üò± Madam ko bithaya ‡§¨‡§æ‡§≤‡•ç‡§ü‡•Ä ‡§Æ‡•á‡§Ç üòÖ? #shorts || PW Pathshala,2022-05-21,48455,2979,0,60,May
136,"‡§ê‡§∏‡§æ ""Junoon"" ‡§π‡•ã‡§®‡§æ ‡§ö‡§æ‡§π‡§ø‡§è üåü",2022-05-21,36178,4532,0,40,May
137,Trigonometric Functions - 15 Most Important PYQs in 1 Shot || JEE Main,2022-05-21,51126,2083,0,407,May
138,"SEMICONDUCTOR in 1 Shot | Seene me Aag Lagao !! Boards, JEE Main & Advanced Teeno Niptao",2022-05-20,133047,4884,0,427,May
139,"""Pain"" ‡§∏‡•á ‡§Æ‡§§ ‡§°‡§∞‡•ã ‚ö°‚ö°",2022-05-20,286213,33771,0,133,May
140,Structure of Atom - 15 Most Important PYQs in 1 Shot || JEE Main,2022-05-20,46111,2385,0,355,May
141,TRIGONOMETRIC RATIOS AND IDENTITIES in 1 Shot | From Zero to Hero | JEE Mains & Advanced,2022-05-19,98478,4486,0,279,May
142,"""Success"" ‡§≤‡•ã‡§ó‡•ã ‡§ï‡§æ ‡§®‡§ú‡§∞‡§ø‡§Ø‡§æ ‡§¨‡§¶‡§≤ ‡§¶‡•á‡§ó‡•Ä ‚ú®",2022-05-19,66512,9807,0,55,May
143,THE P-BLOCK ELEMENTS in 1 Shot | From Zero to Hero | JEE Main & Advanced,2022-05-18,64036,2532,0,266,May
144,Tumhari Umar Ke Bachhe Single Bache Hi Nahi Hai üòÇ,2022-05-18,296670,32515,0,491,May
145,SETS AND RELATIONS - 15 Most Important PYQs in 1 Shot || JEE Main,2022-05-18,60722,2992,0,1015,May
146,WAVE OPTICS in 1 Shot | From Zero to Hero | JEE Main & Advanced,2022-05-17,50502,2064,0,257,May
147,MOLE CONCEPT - 15 Most Important PYQs in 1 Shot || JEE Main,2022-05-17,82976,3542,0,416,May
148,"""Mehfil"" ‡§ñ‡•Å‡§¶ ‡§ï‡•Ä, ‡§ö‡§∞‡•ç‡§ö‡•á ‡§π‡§Æ‡§æ‡§∞‡•áüòÇ",2022-05-17,1504791,138788,0,205,May
149,LIMITS in 1 Shot | From Zero to Hero | JEE Main & Advanced,2022-05-16,150608,5902,0,623,May
150,Physics ‡§®‡•á ‡§®‡§ö‡§æ üï∫ ‡§¶‡§ø‡§Ø‡§æ üòÖ #shorts || PW Pathshala,2022-05-16,55398,3293,0,30,May
151,"‡§¨‡•á‡§ü‡§æ ‡§¶‡§ø‡§ï‡•ç‡§ï‡§§ ‡§∏‡§¨‡§ï‡•Ä ""LIFE"" ‡§Æ‡•á‡§Ç ‡§π‡•à üòû",2022-05-16,53635,7604,0,38,May
152,"Physical World, Units, Measurements and Error - 15 Most Important PYQs in 1 Shot || JEE Main",2022-05-16,86973,5318,0,1307,May
153,METALLURGY in 1 Shot | From Zero to Hero | JEE Main & Advanced,2022-05-15,45899,2024,0,304,May
154,Bachpan ‡§ï‡•Ä Maths üòÇ,2022-05-15,1581923,117166,0,905,May
155,ELECTROMAGNETIC WAVE in 1 Shot | From Zero to Hero | JEE Main & Advanced,2022-05-14,57371,2459,0,330,May
156,"‡§ï‡•ã‡§à ‡§≠‡•Ä ‡§ï‡§æ‡§Æ ""Asambhav"" ‡§®‡§π‡•Ä ‚ö°",2022-05-14,101452,13062,0,57,May
157,FUNCTIONS in 1 Shot | From Zero to Hero | JEE Main & Advanced,2022-05-13,112178,4381,0,690,May
158,"""Ishq"" ‡§ï‡§æ ‡§ó‡•Å‡§∞‡•Å‡§∞ ‡§§‡•ã‡§°‡§º‡•á‡§Ç‡§ó‡•á ü§´",2022-05-13,60921,8367,0,124,May
159,4 Important PYQs of Vector Must to Know,2022-05-12,31506,1973,0,287,May
160,"‡§¶‡•Ç‡§∏‡§∞‡•ã ‡§ï‡•ã ""Excuse"" ‡§¶‡•á‡§®‡§æ ‡§¨‡§Ç‡§¶ ‡§ï‡§∞‡•ã üò§",2022-05-12,140917,21739,0,104,May
161,CLASS mein hui PAISE ki WASOOLIü§ëüòÖ,2022-05-11,93244,8535,0,81,May
162,"""GIVE UP"" ‡§ï‡§æ ‡§∏‡•ã‡§ö ‡§∞‡§π‡•á ‡§π‡•ã?ü§î",2022-05-11,239673,43870,0,278,May
163,Attitude ‡§µ‡§æ‡§≤‡•Ä Girlfriend üòÇ,2022-05-10,69052,8717,0,116,May
164,SURFACE CHEMISTRY in 1 Shot | From Zero to Hero | JEE Main & Advanced,2022-05-09,75907,3229,0,160,May
165,These 8 MARKS Can't be Missed For JEE MAIN 2022üî•üî•,2022-05-08,131392,7951,0,367,May
166,"ALTERNATING CURRENT in 1 Shot | Seene me Aag Lagao !! Boards, JEE Main & Advanced Teeno Niptao",2022-05-07,107585,5398,0,154,May
167,Balloon ‡§´‡•Å‡§≤‡§æ‡§®‡•á ‡§ï‡§æ ‡§®‡§Ø‡§æ ‡§§‡§∞‡•Ä‡§ï‡§º‡§æ üò≥ #shorts || PW Pathshala Janakpuri,2022-05-07,287734,12008,0,181,May
168,CHEMICAL KINETICS in 1 Shot | From Zero to Hero | JEE Main & Advanced,2022-05-06,150456,6067,0,312,May
169,4 Important PYQ‚Äôs of JEE Main & Advanced -  Relations & Functions,2022-05-06,83024,6274,0,439,May
170,SETS AND RELATION in 1 Shot | From Zero to Hero | JEE Main & Advanced,2022-05-05,112651,4788,0,265,May
171,ELECTROMAGNETIC INDUCTION in 1 Shot | From Zero to Hero | JEE Main & Advanced,2022-05-04,63323,2834,0,55,May
172,‡§®‡•Ä‡§Ç‡§¨‡•Ç ke upar lagi AAG üî•üî• #PWshorts #shorts,2022-05-04,140916,8955,0,45,May
173,ELECTROCHEMISTRY in 1 Shot |  From Zero to Hero | JEE Main & Advanced,2022-05-03,118988,4979,0,269,May
174,MAGNETISM AND MATTER in 1 Shot | From Zero to Hero | JEE Main & Advanced,2022-05-01,112483,5613,0,141,May
175,Apni Qismat Khud Likho ‚ö°,2022-05-01,56778,7089,0,47,May
176,DIFFERENTIAL EQUATIONS in 1 Shot | From Zero to Hero | JEE Main & Advanced,2022-04-30,183348,7786,0,320,Apr
177,Lage 440 Volt Chunne se TereüòÇ,2022-04-30,204370,10389,0,67,Apr
178,Exam Ke Ek Din Phle Kya üåù,2022-04-30,349660,35255,0,138,Apr
179,You're BORN to Fire üî•,2022-04-29,361221,38527,0,154,Apr
180,PERMUTATIONS AND COMBINATIONS in 1 Shot (PART - 2) | From Zero to Hero | JEE Mains & Advanced,2022-04-28,80244,3282,0,398,Apr
181,Alakh sir SECRET Suggestionü§´,2022-04-28,1754340,185943,0,362,Apr
182,THE SOLID STATE in 1 Shot | From Zero to Hero | JEE Mains & Advanced,2022-04-27,177649,7104,0,380,Apr
183,Apni Pareshaniyon ko Batado ki Tumhare Hausle kitne Bade Hai,2022-04-27,69986,10592,0,86,Apr
184,CAPACITANCE in 1 Shot | From Zero to Hero | JEE Main & Advanced,2022-04-26,98134,3742,0,205,Apr
185,Reality of LUCK,2022-04-26,220621,30231,0,77,Apr
186,PERMUTATIONS AND COMBINATIONS in 1 Shot (PART - 1) | From Zero to Hero | JEE Mains & Advanced,2022-04-25,87663,4166,0,394,Apr
187,Sab kuch Virasat mein Nahi Milta,2022-04-25,350059,55112,0,168,Apr
188,We'll Fight till end,2022-04-24,106536,14044,0,144,Apr
189,"JEE 2022: 60 Days Master Plan, Just For You ! üôåüèª",2022-04-23,55447,3542,0,176,Apr
190,Abhi to Jamkar Padho Ekdum,2022-04-23,123197,17204,0,79,Apr
191,Tumhe GIVE-UP Nahi karna hai,2022-04-22,317558,36022,0,137,Apr
192,EQUILIBRIUM in 1 Shot | From Zero to Hero | JEE Mains & Advanced,2022-04-22,136721,5184,0,370,Apr
193,Wo hamare kisi kaam ke nahi hote !!!,2022-04-21,188624,23754,0,187,Apr
194,UNITS AND MEASUREMENTS in 1 Shot | From Zero to Hero | JEE Main & Advanced,2022-04-20,138437,5239,0,183,Apr
195,BINOMIAL THEOREM in 1 Shot | From Zero to Hero | JEE Mains & Advanced,2022-04-19,140451,5950,0,474,Apr
196,STATES OF MATTER in 1 Shot | From Zero to Hero | JEE Mains & Advanced,2022-04-18,95875,4120,0,172,Apr
197,MOVING CHARGE AND MAGNETISM in 1 Shot | From Zero to Hero | JEE Mains & Advanced,2022-04-17,208606,10109,0,301,Apr
198,You have 2 Months to Crack JEE !!! JEE Crash Course (PURE ENGLISH) || ‚Çπ1800 for Full Course,2022-04-16,29185,1337,0,305,Apr
199,HYPERBOLA in 1 Shot | From Zero to Hero | JEE Main & Advanced,2022-04-15,58207,2801,0,97,Apr
200,CLASSIFICATION OF ELEMENTS in 1 Shot | From Zero to Hero | JEE Main & Advanced,2022-04-14,110199,4511,0,215,Apr
201,CURRENT ELECTRICITY in 1 Shot | From Zero to Hero | JEE Main & Advanced,2022-04-13,176792,6256,0,420,Apr
202,JEE Main POSTPONED !! How to Crack JEE Main in 2 Months? LAST CHANCE ‚ö°,2022-04-09,279773,19052,0,2037,Apr
203,Class 12th | Lakshya JEE 2023 : Solutions 01‚ö°,2022-04-07,319182,20680,0,1235,Apr
204,Class 12th | Lakshya JEE 2023 : Relations & Functions 01‚ö°,2022-04-07,387071,29336,0,1144,Apr
205,Now You Have *MORE TIME* For JEE Main 2022üì£ | Physics Wallah #Shorts,2022-04-07,76644,8092,0,288,Apr
206,SOLUTIONS in 1 Shot | From Zero to Hero | JEE Main & Advanced,2022-04-06,144736,5596,0,327,Apr
207,ELECTROSTATICS in 1 Shot | From Zero to Hero | JEE Main & Advanced,2022-04-05,351055,11012,0,569,Apr
208,MODERN PHYSICS : Complete Revision in 55 Minutes | Score 90+ in JEE Main Physics,2022-04-05,82114,4677,0,740,Apr
209,PROBABILITY in 1 Shot | From Zero to Hero | JEE Main & Advanced,2022-04-04,359060,14276,0,571,Apr
210,COORDINATION COMPOUND in 1 Shot (PART - 2) | From Zero to Hero | JEE Main & Advanced,2022-04-04,50805,2350,0,91,Apr
211,COORDINATION COMPOUND in 1 Shot (PART - 1) | From Zero to Hero | JEE Mains & Advanced,2022-04-03,147457,6281,0,213,Apr
212,ELLIPSE in 1 Shot | From Zero to Hero | JEE Mains & Advanced,2022-04-03,46465,1771,0,162,Apr
213,KTG & THERMODYNAMICS in 1 Shot | From Zero to Hero | JEE Mains & Advanced,2022-04-02,170114,6105,0,401,Apr
214,THERMODYNAMICS in 1 Shot | From Zero to Hero | JEE Mains & Advanced,2022-04-02,61491,1895,0,138,Apr
215,THERMODYNAMICS in 1 Shot (PART - 2) | From Zero to Hero | JEE Mains & Advanced,2022-03-31,133470,5909,0,223,Mar
216,THERMODYNAMICS in 1 Shot (PART - 1) | From Zero to Hero | JEE Mains & Advanced,2022-03-31,141606,8149,0,238,Mar
217,Introducing Another Chemistry Legend !!! Check Description üí•,2022-03-31,110122,7514,0,507,Mar
218,MODERN PHYSICS in 1 Shot | From Zero to Hero | JEE Mains & Advanced,2022-03-30,623826,22829,0,802,Mar
219,Bass Shaam Tak Ka Intezaar Karo !!! Check Description üî•,2022-03-30,117617,7852,0,1046,Mar
220,PARABOLA in 1 Shot | From Zero to Hero | JEE Mains & Advanced,2022-03-29,123738,5364,0,272,Mar
221,General Organic Chemistry (GOC) in One Shot (PART - 2) From Zero to Hero | JEE Mains & Advanced,2022-03-29,190686,7601,0,401,Mar
222,General Organic Chemistry (GOC) in 1 Shot (PART - 1) From Zero to Hero | JEE Mains & Advanced,2022-03-28,481481,18954,0,651,Mar
223,RAY OPTICS in 1 Shot | From Zero to Hero | JEE Mains & Advanced,2022-03-27,307116,11070,0,483,Mar
224,CIRCLES in 1 Shot | From Zero to Hero | JEE Mains & Advanced,2022-03-26,199135,7640,0,385,Mar
225,ROTATIONAL MOTION in 1 Shot | From Zero to Hero | JEE Mains & Advanced 2022,2022-03-26,146960,5625,0,575,Mar
226,CHEMICAL BONDING in 1 Shot | From Zero to Hero | JEE Mains & Advanced,2022-03-25,322507,12608,0,687,Mar
227,SEQUENCE AND SERIES in 1 Shot (PART - 2) From Zero to Hero | JEE Mains & Advanced,2022-03-24,88155,4387,0,249,Mar
228,STRAIGHT LINES in 1 Shot (PART - 2) From Zero to Hero | JEE Mains & Advanced,2022-03-24,148971,6007,0,396,Mar
229,STRAIGHT LINES in 1 Shot (PART - 1) From Zero to Hero | JEE Mains & Advanced,2022-03-22,281904,11121,0,799,Mar
230,ATOMIC STRUCTURE in 1 Shot (PART - 2) From Zero to Hero | JEE Mains & Advanced,2022-03-22,184395,8503,0,204,Mar
231,ATOMIC STRUCTURE in 1 Shot (PART - 1) From Zero to Hero | JEE Mains & Advanced,2022-03-21,286735,12247,0,519,Mar
232,NEWTON'S LAWS OF MOTION AND FRICTION in 1 Shot | From Zero to Hero | JEE Mains & Advanced,2022-03-20,311860,13063,0,556,Mar
233,SEQUENCE AND SERIES in 1 Shot (PART - 1) From Zero to Hero | JEE Mains & Advanced,2022-03-19,362102,13748,0,839,Mar
234,KINEMATICS in 1 Shot | From Zero to Hero | JEE Mains & Advanced,2022-03-17,534828,17953,0,815,Mar
235,MOLE CONCEPT in 1 Shot | From Zero to Hero | JEE Mains & Advanced,2022-03-15,508433,18357,0,1016,Mar
236,8 Marks Secured!!! üòé Do These Questions For JEE Main & Advanced 2022 | Physics Wallah,2022-03-15,88705,6453,0,358,Mar
237,QUADRATIC EQUATIONS in 1 Shot | From Zero to Hero | JEE Mains & Advanced,2022-03-14,740977,29394,0,2249,Mar
238,JEE Main 2022 Revised Dates üì£üì£ | Official Notification by The NTA | Physics Wallah,2022-03-14,62865,3358,0,211,Mar
239,Transition Elementsüå°Ô∏è: What Are They? | Physics Wallah #Shorts,2022-03-13,54261,4404,0,71,Mar
240,Are you ready for the MANZIL 2.O?üí• Physics Ke Bade Bhaiii... 1 DAY TO GO üôè,2022-03-12,159065,12180,0,1191,Mar
241,Chemistry Ke HEAVY DRIVER üî• || 2 DAYS TO GO!!! MANZIL 2.O,2022-03-11,116046,7581,0,764,Mar
242,MANZIL 2.O - Countdown Begins üî• || 3 DAYS TO GO || MSM ‡§¨‡§æ‡§¨‡§æ ‡§ï‡•Ä ‡§ú‡§Ø üôè,2022-03-10,155975,12405,0,2544,Mar
243,2 OR 4 Attempts in JEE Mains 2022 üéØ : This 1 Strategy is Enough to Crack üí™üí™ | Physics Wallah #Shorts,2022-03-10,92653,9796,0,127,Mar
244,Be an Inspiration For Others With Physics Wallah ü§©üí™ | Give Your Hustle a Reward üí™,2022-03-08,93804,8221,0,98,Mar
245,JEE Main 2022 Revision Strategy ü§©:  40 Days Action Plan üí™üí™ | Crack JEE Main 2022 | Physics Wallah,2022-03-08,57587,3896,0,475,Mar
246,Raftaar JEE - THANKS BACHHON üôè,2022-03-07,130957,12337,0,1415,Mar
247,Live Practice Session -  The P-Block Elements | Class 11/JEE || RAFTAAR,2022-03-07,16056,762,0,44,Mar
248,Live Practice Session - Mechanical Properties of Fluids | Class 11/JEE || RAFTAAR,2022-03-06,11996,582,0,23,Mar
249,Oscillations 05 - 2 Block connected with Spring | Damped Oscillations | Class 11/JEE - RAFTAAR,2022-03-06,7261,222,0,33,Mar
250,How Tires Work and Why do we Need Them? | Rolling Friction | Physics Wallah #Shorts,2022-03-06,27685,1782,0,23,Mar
251,Permutations And Combinations 03 - Class 11/JEE | RAFTAAR,2022-03-06,7566,249,0,65,Mar
252,Thermodynamics 08 - Thermochemistry | Class 11/JEE | RAFTAAR,2022-03-05,9248,360,0,64,Mar
253,Most Awaited Manzil and Ummeed 2.0 are Back | Physics Wallah,2022-03-05,185263,9199,0,1114,Mar
254,Permutations And Combinations 02 - Recap of Previous Class | Class 11/JEE | RAFTAAR,2022-03-05,6945,266,0,54,Mar
255,Oscillations 04 - Simple Pendulum | Compound pendulum | Class 11/JEE | RAFTAAR,2022-03-05,4878,172,0,41,Mar
256,Thermodynamics 07 - Criteria of Spontaneity | Thermochemistry | Class 11/JEE | RAFTAAR,2022-03-04,7341,295,0,321,Mar
257,Permutations And Combinations 01 - Fundamental Principles of counting | Class 11/JEE | RAFTAAR,2022-03-04,13601,491,0,115,Mar
258,It is Happening For The First Time | Super 40 | Live Mentorship | Physics Wallah,2022-03-04,73373,4820,0,467,Mar
259,Oscillations 03 -  SHM as a Projection of Uniform Circular Motion | Class 11/JEE | RAFTAAR,2022-03-04,5203,189,0,49,Mar
260,Thermodynamics 06 - 2nd Law of Thermodynamics | Bomb-Calorimeter | Class 11/JEE | RAFTAAR,2022-03-03,7149,308,0,72,Mar
261,Binomial Theorem 04 - Rational and Irrational Terms in a Binomial Expansion | Class 11/JEE | RAFTAAR,2022-03-03,5498,210,0,41,Mar
262,3 Psychological Tips To Change Your Life | Physics Wallah #shorts,2022-03-03,56636,5116,0,56,Mar
263,Oscillations 02 - Velocity & Acceleration | Energy of S.H.M | Class 11/JEE || RAFTAAR,2022-03-03,7615,258,0,85,Mar
264,Thermodynamics 05 - Bomb - Calorimeter | Class 11/JEE | RAFTAAR,2022-03-02,9075,294,0,107,Mar
265,TWO MATHS LEGEND IN 1 FRAME üî•,2022-03-02,146270,10722,0,1248,Mar
266,Binomial Theorem 03 - Properties of Binomial coefficient | Class 11/JEE | RAFTAAR,2022-03-02,6849,232,0,64,Mar
267,Oscillations 01 - Periodic | Simple Harmonic Motion | Class 11/JEE | RAFTAAR,2022-03-02,16350,594,0,94,Mar
268,JEE Mains 2022 Exam Dates Officially Announced üì£üì£| Know What All Changed This Year? | Physics Wallah,2022-03-01,36983,2518,0,332,Mar
269,Another 4 Marks For Free ü§© in JEE Mains 2022 üí™ | Statistics Class 11 Maths | Physics Wallah #Shorts,2022-03-01,86694,8773,0,976,Mar
270,Binomial theorem 02 - Greatest Binomial coefficient | Class 11/JEE | RAFTAAR,2022-03-01,7612,326,0,88,Mar
271,Thermodynamics 04 - Refrigerator l Entropy | Class 11/JEE | RAFTAAR,2022-03-01,5394,201,0,95,Mar
272,LIVE Menti Quiz - Concept Booster Problem Practice l Hydrogen and S Block  | Class 11/JEE | RAFTAAR,2022-02-28,14698,783,0,14,Feb
273,Live Practice Session - Gravitation and Mechanical Properties of Solids | Class 11/JEE || RAFTAAR,2022-02-27,14300,709,0,16,Feb
274,Thermodynamics 03 - Cyclic Process l 2nd Law | Class 11/JEE | RAFTAAR,2022-02-27,7847,282,0,85,Feb
275,‡§á‡§∏‡§∏‡•á ‡§¨‡•ú‡§æ ‡§ï‡•ã‡§à Surprise ‡§π‡•ã ‡§®‡§π‡•Ä‡§Ç ‡§∏‡§ï‡§§‡§æ ü•≥ü§© | Just do This and Get It | Physics Wallah #AaRahaHai,2022-02-27,693994,40946,0,484,Feb
276,Binomial Theorem 01 - Binomial Coefficients | Class 11/JEE | RAFTAAR,2022-02-27,12106,474,0,77,Feb
277,Everybody Knows About This Grand Fest ü•≥üéâ And Do You? | Physics Wallah | Vishwas Diwas #AaRahaHai,2022-02-27,74684,5896,0,236,Feb
278,Thermodynamics 04 - Work done in Various Process | Class 11/JEE | RAFTAAR,2022-02-26,8775,360,0,124,Feb
279,Complex Number - 04 - Straight line in argand plan l Circles in Argand plans| Class 11/JEE | RAFTAAR,2022-02-26,4127,147,0,43,Feb
280,Finally Most Awaited Surprise is Here üéâüéâü•≥ | Vishwas Diwas is For You All | Physics Wallah #AaRahaHai,2022-02-26,140392,9678,0,239,Feb
281,Thermodynamics 02 - Isothermal process l Adiabatic process | Class 11/JEE || RAFTAAR,2022-02-26,4684,203,0,32,Feb
282,Complex Number 03 - Section formula | Rotation theorem | Class 11/JEE || RAFTAAR,2022-02-25,4418,140,0,47,Feb
283,JEE Advanced 2022 Exam Dates Are Out üì£üì£ | What all JEE 2022 Aspirants Need to Know? | Physics Wallah,2022-02-25,35170,2115,0,158,Feb
284,Thermodynamics 03 - Relation b/w Heat Capacity | Isothermal process | Class 11/JEE | RAFTAAR,2022-02-25,8721,367,0,97,Feb
285,Thermodynamics 01 - First Law Of Thermodynamics | Class 11/JEE | RAFTAAR,2022-02-25,11104,447,0,92,Feb
286,Biggest Surprise of All Time üéâüéâü•≥ | Vishwas Diwas Has Something For All | Physics Wallah #AaRahaHai,2022-02-25,183607,15542,0,786,Feb
287,Thermodynamics 02 - First Law Of Thermodynamics | Class 11/JEE | RAFTAAR,2022-02-24,11122,490,0,106,Feb
288,Complex Number II - 02 | Conjugate of complex number | Class 11/JEE | RAFTAAR,2022-02-24,4328,198,0,53,Feb
289,Kinetic Theory of Gases 01 - Equation of Pressure | Degree of Freedom | Class 11/JEE,2022-02-24,11724,419,0,95,Feb
290,‡§¨‡§∏ ‡§Ø‡•á ‡§ï‡§∞ ‡§≤‡•ã ‡§§‡•ã Success Confirm ‡§π‡•à !! üí™üí™| Just 5 Tips For Every JEE Aspirant | Physics Wallah #Shorts,2022-02-24,36285,3969,0,30,Feb
291,Complex Number II - 01 | Imaginary Numbers | Algebra of Complex Numbers | Class 11/JEE | RAFTAAR,2022-02-23,9789,423,0,125,Feb
292,Thermodynamics 01 - Class 11/JEE | RAFTAAR,2022-02-23,19141,915,0,209,Feb
293,Thermal properties of matter 04 - Radiation | Class 11/JEE,2022-02-23,5090,183,0,45,Feb
294,p-Block Elements 05 - Class 11/JEE | RAFTAAR,2022-02-22,9225,333,0,125,Feb
295,Conic Section 11 | Important Highlights Of Hyperbola | Class 11/JEE | RAFTAAR,2022-02-22,4376,163,0,57,Feb
296,Thermal Properties of Matter 03 - Heat Transfer | Conduction | Convection | Class 11/JEE,2022-02-22,5190,223,0,31,Feb
297,Lucas Reagent And Alcohols | Lucas Test | Organic Chemistry Class 12th | Physics Wallah #Shorts,2022-02-22,14486,1404,0,16,Feb
298,p-Block Elements 04 - Class 11/JEE | RAFTAAR,2022-02-21,6695,323,0,94,Feb
299,Conic Section -10 | Position of a Point - Equation of Tangent | Class 11/JEE | RAFTAAR,2022-02-21,3833,152,0,79,Feb
300,Thermal Properties of Matter 02 | Caloriemetry | Class 11/JEE - RAFTAAR,2022-02-21,6275,247,0,69,Feb
301,Live Practice Session - Center of Mass & Rotational Motion || Class 11/JEE || RAFTAAR,2022-02-20,10074,613,0,7,Feb
302,Thermal Properties of Matter 01 | Caloriemetry | Class 11/JEE,2022-02-20,12512,481,0,52,Feb
303,LIVE Menti Quiz - Redox Reaction || State of Matter Gasses and Liquids | Class 11/JEE | RAFTAAR,2022-02-20,10841,691,0,6,Feb
304,Conic Section 09 | Introduction and Equation of Hyperbola | Class 11/JEE | RAFTAAR,2022-02-20,4617,209,0,67,Feb
305,Stay Away From a Moving Train | Fluid Mechanics | Bernoulli's Principle | Physics Wallah #Shorts,2022-02-20,34946,3169,0,28,Feb
306,p-Block Elements 03 | Borax | Class 11/JEE | RAFTAAR,2022-02-19,7504,313,0,67,Feb
307,Conic Section 08 | Pair of Tangents | Important Results On Ellipse | Class 11/JEE | RAFTAAR,2022-02-19,4763,205,0,48,Feb
308,Mechanical Properties of Fluids 05  | Viscosity | Class 11/JEE,2022-02-19,4959,211,0,39,Feb
309,p-Block Elements 02 | Group 13 (Boron Family) | Periodic Properties | Class 11/JEE | RAFTAAR,2022-02-18,8488,352,0,67,Feb
310,Conic Section 07 | Normal to an Ellipse | Chord Of Contact | Class 11/JEE | RAFTAAR,2022-02-18,4721,192,0,72,Feb
311,Mechanical Properties of Fluids 04 | Surface Tension | Class 11/JEE,2022-02-18,5829,261,0,60,Feb
312,p-Block Elements 01 | Electron Deficient Bonding | Back Bonding | Class 11/JEE | RAFTAAR,2022-02-17,15552,602,0,93,Feb
313,Conic Section 06 | Parametric Form of Ellipse | Point OF Contact | Class 11/JEE | RAFTAAR,2022-02-17,5194,197,0,37,Feb
314,Mechanical Properties of Fluids 03 | Equation Of Continuity | Bernoulli's Theorem | Class 11/JEE,2022-02-17,5447,209,0,35,Feb
315,RISAT1 A- First Satellite Launch of ISRO in 2022 | PSLV- C52 Launch Vehicle | Physics Wallah #Shorts,2022-02-17,12409,865,0,8,Feb
316,s-Block Elements 03 | Alkaline Metals | Earth Metal | Class 11/JEE | RAFTAAR,2022-02-16,11192,482,0,84,Feb
317,Conic Section 05 | Standard Equation of Ellipse | Class 11/JEE | RAFTAAR,2022-02-16,5956,267,0,65,Feb
318,Know These 2 Exam Updates of JEE Mains 2022 | JEE 2022 Strategy | Physics Wallah #Shorts,2022-02-16,37643,3422,0,184,Feb
319,Mechanical Properties of Fluids 02  | Pressure Variation in Accelerated Containe | Class 11/JEE,2022-02-16,6787,263,0,74,Feb
320,Mechanical Properties of Fluids 01 | Variation Of Pressure With Depth | Class 11/JEE,2022-02-15,13167,478,0,68,Feb
321,s-Block Elements 02 | Alkali Metals | Class 11/JEE | RAFTAAR,2022-02-15,12955,570,0,132,Feb
322,Conic Section 04 | Equation Of Normal To The Parabola | Class 11/JEE | RAFTAAR,2022-02-15,5747,250,0,65,Feb
323,What is Amorphous Solid? | Solid State Class 12 Chemistry | Types of Solids | Physics Wallah #Shorts,2022-02-15,16507,1281,0,31,Feb
324,Conic Section 03 | Properties of Focal Chord | Condition of Tangency | Class 11/JEE | RAFTAAR,2022-02-14,7864,346,0,121,Feb
325,s-Block Elements 01 || Basic Properties of s-Block || Alkali Metals || Class 11/JEE || RAFTAAR,2022-02-14,29020,1261,0,321,Feb
326,Mechanical Properties of Solids 02 | Stress-Strain Curve | Elastic Potential Energy | Class 11/JEE,2022-02-14,8899,317,0,56,Feb
327,GOC 18 | Purification | Qualitative & Quantitative Analysis | Class 11/JEE | RAFTAAR,2022-02-13,8942,258,0,50,Feb
328,Live Practice Session - Periodic Table || Chemical Bonding || Class 11/JEE || RAFTAAR,2022-02-13,10415,648,0,24,Feb
329,Mechanical Properties of Solids 01 | Stress | Strain | Modulus of Elasticity | Class 11/JEE,2022-02-13,14460,519,0,76,Feb
330,"Live Practice Session - Laws of Motion || Work, Power & Energy || Circular Motion || Class 11/JEE",2022-02-13,11657,653,0,25,Feb
331,600+ KMPH?? ü§Ø | Maglev Train - Fastest Train In The World | Magnetic Levitation Explained,2022-02-13,72265,5016,0,318,Feb
332,Hydrocarbon 05 | Alkyne | Benzene | Class 11/JEE | RAFTAAR,2022-02-12,5981,212,0,20,Feb
333,Conic Section 02 | Parametric Equation | Position of a Point WET Parabola |  Class 11/JEE | RAFTAAR,2022-02-12,10551,391,0,178,Feb
334,Hydrogen 02 | Hydrogen & its Compounds | Class11/JEE | RAFTAAR,2022-02-11,10266,383,0,147,Feb
335,Conic Section 01 | Standard Parabolas | Position of a Point WRT Parabola | Class 11/JEE | RAFTAAR,2022-02-11,21687,1061,0,454,Feb
336,Gravitation 06 | Kepler's Law | Class 11/JEE | RAFTAAR,2022-02-11,5768,254,0,32,Feb
337,Hydrogen 01 | Hydrogen & its Compounds | Class11/JEE | RAFTAAR,2022-02-10,16330,609,0,90,Feb
338,Gravitation 05 | Gravitational Potential Energy | Class 11/JEE | RAFTAAR,2022-02-10,6000,265,0,55,Feb
339,‡§ï‡•ç‡§Ø‡§æ ‡§ê‡§∏‡§æ Future ‡§ö‡§æ‡§π‡§ø‡§Ø‡•á? | How to Manage Your Time | Motivation For Students | Physics Wallah #Shorts,2022-02-10,52986,6329,0,87,Feb
340,Chemical Bonding 16 | Hydrogen Bonding MOT | Class11/JEE | RAFTAAR,2022-02-09,8738,414,0,80,Feb
341,Gravitation 04 | Gravitational Potential | Class 11/JEE | RAFTAAR,2022-02-09,5296,254,0,77,Feb
342,Gaseous State 07 | Critical Constants | Class 11/JEE | RAFTAAR,2022-02-08,9616,433,0,156,Feb
343,Gravitation 03 | Earth's Gravitational Field | Class 11/JEE | RAFTAAR,2022-02-08,7334,305,0,122,Feb
344,Electroplating Process Explained | Electrolysis | Electrochemistry Class 12 | Physics Wallah,2022-02-08,18090,1197,0,54,Feb
345,Gaseous State 06 | Real Gases | Class 11/JEE | RAFTAAR,2022-02-07,10538,455,0,166,Feb
346,Gravitation 02 | Gravitational Field | Variational in Gravitational Field Due to Earth | Class 11,2022-02-07,9721,422,0,156,Feb
347,Gravitation 01 | Newton's Law of Gravitation | Superposition Principle | Class 11/JEE | RAFTAAR,2022-02-06,19289,696,0,84,Feb
348,Circle 05 | Angle of Intersection | Common Chord | Radical Axis/Center | Class 11/JEE | RAFTAAR,2022-02-06,6992,269,0,60,Feb
349,Hydrocarbon 04 | Properties of Alkene | Class 11/JEE | RAFTAAR,2022-02-06,4929,191,0,13,Feb
350,Finding The Pattern of Universe | Fibonacci Sequence | Golden Ratio | Magic of Maths| Physics Wallah,2022-02-06,23448,1648,0,83,Feb
351,Hydrocarbon 03 | Preparation of Alkene | Class 11/JEE | RAFTAAR,2022-02-05,6712,262,0,38,Feb
352,Circle 04 | Position of 2 Circles | Common Tangent | Family of Circles | Class 11/JEE | RAFTAAR,2022-02-05,5558,233,0,90,Feb
353,System of Particles 08 | Angular Momentum for CTRM | Toppling | Class 11/JEE | RAFTAAR,2022-02-05,4394,175,0,37,Feb
354,Gaseous State 05 | Maxwell Distribution Law | Graham's Law of Diffusion | Class 11/JE,2022-02-04,10950,509,0,201,Feb
355,System of Particles 07 | Combined Translation Rotational Motion (Part-2) | Class 11/JEE | RAFTAAR,2022-02-04,4677,200,0,58,Feb
356,Circle 03 | Tangents | Normal | Equation of Chord | Class 11/JEE | RAFTAAR,2022-02-04,7724,323,0,117,Feb
357,Circle 02 | Point and Circle | Intercepts of Circle | Class 11/JEE | RAFTAAR,2022-02-03,9853,427,0,182,Feb
358,Gaseous State 04 | Dalton's Law of Partial Pressure | Kinetic Theory of Gas | Class 11/JE,2022-02-03,10038,446,0,260,Feb
359,System of Particles 06 || Combined Translation Rotational Motion || Class 11/JEE || RAFTAAR,2022-02-03,5926,261,0,68,Feb
360,Know How to Learn Faster in 4 Steps | Richard Feynman Technique | Study Tips |Physics Wallah #Shorts,2022-02-03,37832,4521,0,66,Feb
361,Circle 01 || General Equation || Different Forms of Circle || Class 11/JEE || RAFTAAR,2022-02-02,20345,860,0,325,Feb
362,Gaseous State 03 || Ideal Gas Equation || Class 11/JEE || RAFTAAR,2022-02-02,13058,594,0,251,Feb
363,Straight Line 07 || Pair of Straight Lines || Class 11/JEE || RAFTAAR,2022-02-01,16772,758,0,326,Feb
364,Gaseous State 02 || Gas Laws || Class 11/JEE || RAFTAAR,2022-02-01,13622,635,0,303,Feb
365,System of Particles 05 | Angular Momentum Conservation | Class 11/JEE | RAFTAAR,2022-02-01,4737,241,0,73,Feb
366,Do We Humans Start Walking Late Then Animals? | Center of Gravity | Physics Wallah #Shorts,2022-02-01,22166,2074,0,42,Feb
367,Gaseous State 01 | Some Important Variable | Gas Laws | Class 11/JEE | RAFTAAR,2022-01-31,22506,937,0,257,Jan
368,System of Particles 04 | Rotation about Fixed Axis | Angular Momentum | Class 11/JEE | RAFTAAR,2022-01-31,6047,253,0,74,Jan
369,Straight Line 06 | Centres Related to Triangle | Pair of Straight Lines | Class 11/JEE | RAFTAAR,2022-01-30,12430,465,0,166,Jan
370,Hydrocarbon 02 | Properties of Alkane | Class 11/JEE | RAFTAAR,2022-01-30,6620,228,0,28,Jan
371,Why is Dry Ice so Dangerous? | Sublimation Process | Class 11th Chemistry | Physics Wallah #Shorts,2022-01-30,17281,1220,0,18,Jan
372,Hydrocarbon 01 | Preparation of Alkane | Class 11/JEE | RAFTAAR,2022-01-29,19228,613,0,65,Jan
373,Straight Line 05 | Angle Bisectors | Power of a Point | Class 11/JEE | RAFTAAR,2022-01-29,12155,469,0,312,Jan
374,System of Particles 03 | Torque | Rotational Equilibrium | Class 11/JEE | RAFTAAR,2022-01-29,6585,262,0,62,Jan
375,System of Particles 02 | Parallel & Perpendicular Axis Theorem | Class 11/JEE | RAFTAAR,2022-01-28,8864,295,0,58,Jan
376,Straight Line 04 | Question Practice | Locus | Class 11/JEE | RAFTAAR,2022-01-27,14097,552,0,310,Jan
377,Redox Reaction 04 | Balancing of Redox Reaction | Equivalent Weight | Class 11/JEE | RAFTAAR,2022-01-27,15230,602,0,204,Jan
378,System of Particles 01 | Moment of Intertia | Class 11/JEE | RAFTAAR,2022-01-27,15240,567,0,139,Jan
379,‡§π‡§Æ‡•á‡§∂‡§æ ‡§∞‡§π‡•ã ‡§∏‡§ø‡§∞‡•ç‡•û Motivatedüí™| Motivational Story of Stephen Hawking | Science | Physics Wallah #Shorts,2022-01-27,38783,3859,0,80,Jan
380,Straight Line 03 | Parametric Forms | Family of Lines | Class 11/JEE | RAFTAAR,2022-01-26,16524,587,0,350,Jan
381,Center of Mass 09 | Variable Mass System | Class 11/JEE | RAFTAAR,2022-01-26,8566,340,0,93,Jan
382,Redox Reaction 03 | Types of Redox Reaction | Balancing of Chemical Reaction | Class 11/JEE,2022-01-25,16283,626,0,176,Jan
383,Straight Line 02 | Different Forms of a Line | PYQ Express | Class 11/JEE | RAFTAAR,2022-01-25,15467,591,0,300,Jan
384,Center of Mass 08 | Collision | Class 11/JEE | RAFTAAR,2022-01-25,6448,274,0,59,Jan
385,#ConceptChamkega | Aromaticity and Huckel's Rule | Organic Chemistry | Physics Wallah #Shorts,2022-01-25,14663,1541,0,22,Jan
386,Redox Reaction 02 | Oxidizing Agent & Reducing Agent | Redox Reaction | Class 11/JEE | RAFTAAR,2022-01-24,17168,719,0,269,Jan
387,Straight Line 01 | Basic of Coordinate Geometry | Equation of a Line | Class 11/JEE | RAFTAAR,2022-01-24,30713,1134,0,388,Jan
388,Center of Mass 07 | Impulse Momentum Theorem | Class 11 JEE/ RAFTAAR,2022-01-24,6422,285,0,51,Jan
389,Statistics 03 | Continuous Frequency Distribution | Class 11/JEE | RAFTAAR,2022-01-23,8860,401,0,161,Jan
390,GOC 17 | Acidic and Basic Strength | Class 11/JEE | RAFTAAR,2022-01-23,10933,310,0,39,Jan
391,The Science of Shape | Working of Train Wheels on Railway Track Explained | Physics Wallah #Shorts,2022-01-23,31504,2130,0,22,Jan
392,GOC 16 | Hyperconjugation | Class 11/JEE | RAFTAAR,2022-01-22,8319,297,0,31,Jan
393,Statistics 02 | Standard Deviation Variance | Class 11/JEE | RAFTAAR,2022-01-22,12207,502,0,237,Jan
394,Center of Mass 06 | Impulse | Class 11 JEE/ RAFTAAR,2022-01-22,7112,321,0,62,Jan
395,Redox Reaction 01 | Oxidation Number | Oxidation & Reduction | Class 11/JEE | RAFTAAR,2022-01-21,36464,1453,0,730,Jan
396,Center of Mass 05 | Spring Mass System | Class 11 JEE/ RAFTAAR,2022-01-21,8358,372,0,81,Jan
397,Statistics 01 | Remaining Derivatives | Statistics Starts | Class 11/JEE | RAFTAAR,2022-01-20,18100,731,0,432,Jan
398,Center of Mass 04 | Momentum Conservation | Class 11 JEE/ RAFTAAR,2022-01-20,8200,344,0,79,Jan
399,‡§ñ‡•Å‡§¶ ‡§™‡§∞ ‡§Ø‡§ï‡•Ä‡§® ‡§∞‡§ñ‡•ã üí™ | Know How to Stay Motivated | Physics Wallah #Shorts,2022-01-20,13970,1255,0,22,Jan
400,Chemical Bonding 15 | Molecular Orbital Theory | Class11/JEE | RAFTAAR,2022-01-19,11524,441,0,83,Jan
401,Limits and Derivatives 03 | Standard Limits-2 | Derivatives | Class 11/JEE | RAFTAAR,2022-01-19,20970,677,0,315,Jan
402,Center of Mass 03 | Cavity Problems | Class 11 JEE/ RAFTAAR,2022-01-19,9367,377,0,103,Jan
403,Chemical Bonding 14 | Solubility | MOT | Class11/JEE | RAFTAAR,2022-01-18,9155,430,0,67,Jan
404,Limit and Derivatives 02 | One Sided Limit | Questions Practice | Standard Limits | Class 11/JEE,2022-01-18,23544,778,0,709,Jan
405,Center of Mass 02 | COM for Rigid Bodies | Class 11 JEE/ RAFTAAR,2022-01-18,10281,407,0,82,Jan
406,Get 4 Marks For FREE In JEE 2022 ü§© | JEE Mains 2022 üí™ | Quadratic Equations | Physics Wallah #Shorts,2022-01-18,261002,21611,0,511,Jan
407,Chemical Bonding 13 | Fajan's Rule | Class11/JEE | RAFTAAR,2022-01-17,11014,523,0,96,Jan
408,Limit and Derivatives 01 | Introduction to Limits | Indeterminate Forms | Class 11/JEE |,2022-01-17,43479,1620,0,385,Jan
409,Center of Mass 01 | Calculation of Center of Mass | Class 11 JEE/ RAFTAAR,2022-01-17,19049,814,0,122,Jan
410,GOC 15 | Aromaticity | Class 11/JEE | RAFTAAR,2022-01-16,10337,352,0,63,Jan
411,How Does Snow Form? | Freezing Point of Water | Snowflakes | Chemistry | Physics Wallah #Shorts,2022-01-16,92695,9034,0,121,Jan
412,GOC 14 | Resonance | Class 11/JEE | RAFTAAR,2022-01-15,9672,336,0,56,Jan
413,Sequence and Series 06 | AM-GM-HM Inequalities | Exponential and Logarithmic Series | Class 11/JEE,2022-01-15,9918,409,0,411,Jan
414,Circular Motion 05 | Vertical Circular Motion | Class 11 JEE/ RAFTAAR,2022-01-15,7364,334,0,75,Jan
415,Chemical Bonding 12 | Hydration Energy | Polarisation | Class11/JEE | RAFTAAR,2022-01-14,9714,437,0,110,Jan
416,Sequence and Series 05 | Questions on Telescoping Method | AM-GM-HM Inequalities | Class 11/JEE,2022-01-14,10420,431,0,435,Jan
417,Circular Motion 04 | Radius of Curvature Angle of Banking | Class 11 JEE/ RAFTAAR,2022-01-14,7121,312,0,81,Jan
418,5 Tips To Choose Best Engineering Colleges After Class 12th | Physics Wallah #Shorts,2022-01-13,69017,5546,0,55,Jan
419,Chemical Bonding 11 | Ionic Compound | Class11/JEE | RAFTAAR,2022-01-12,11904,500,0,153,Jan
420,Sequence and Series 04 | Inserting Harmonic Means | Sigma Problems | Class 11/JEE RAFTAAR,2022-01-12,11722,463,0,389,Jan
421,Circular Motion 03 | Circular Motion in Horizontal Plane | Class 11/JEE,2022-01-12,9028,361,0,57,Jan
422,Chemical Bonding 10 | Dipole Moment | Ionic Compound | Class11/JEE | RAFTAAR,2022-01-11,11448,484,0,157,Jan
423,Sequence and Series 03 | Inserting Arithmetic Means | Geometric Progression | Class 11/JEE RAFTAAR,2022-01-11,12716,500,0,473,Jan
424,Circular Motion 02 | Relative Avg. Velocity | Radial & Tangential Acceleration | Class 11/JEE,2022-01-11,11458,415,0,86,Jan
425,Alakh sir and Jeetu Bhaiya have a gift for you üéÅ | Physics Wallah #Shorts,2022-01-11,33288,3079,0,30,Jan
426,#ConceptChamkega | Know Physical Quantities From Their Units | Kinematics | Physics Wallah #Shorts,2022-01-11,20684,2013,0,21,Jan
427,Chemical Bonding 09 | Bond Angle | Drago's Rule | Class11/JEE | RAFTAAR,2022-01-10,12280,498,0,119,Jan
428,Sequence and Series 02 | Inserting Arithmetic Means | Geometric Progression | Class 11/JEE RAFTAAR,2022-01-10,15032,575,0,229,Jan
429,Circular Motion 01 | Introduction | Class 11/JEE | RAFTAAR,2022-01-10,22658,946,0,138,Jan
430,GOC 13 | Inductive Effect | Class 11/JEE | RAFTAAR,2022-01-09,12461,422,0,57,Jan
431,How Levers Work? | Physics In Daily Life | Simple Machines | Physics Wallah #Shorts,2022-01-09,18113,1361,0,30,Jan
432,GOC 12 | Enantiomer | Diasteromer | Calculation of Optical Isomer | Class 11/JEE | RAFTAAR,2022-01-08,9198,354,0,44,Jan
433,Sequence and Series 01 | Sequence and Series Basics | Introduction to AP | Class 11/JEE RAFTAAR,2022-01-08,31236,1162,0,261,Jan
434,"Work, Energy and Power 06 | Power | Class 11/JEE | RAFTAAR",2022-01-08,10684,458,0,62,Jan
435,Chemical Bonding 08 | Bent Rule | VSEPR | Class11/JEE | RAFTAAR,2022-01-07,14266,572,0,169,Jan
436,Linear Inequalities 01 :  HW Discussion Quadratic Equations | Linear Inequalities Starts | Class 11,2022-01-07,20369,723,0,203,Jan
437,"Work, Energy and Power 05 | Relation Between Force & Potential Energy | Class 11/JEE | RAFTAAR",2022-01-07,8332,349,0,47,Jan
438,How To Multiply Complex Numbers With Iota | Maths Tricks | Class 11th Maths | Physics Wallah #Shorts,2022-01-07,15026,1450,0,15,Jan
439,Chemical Bonding 07 | Hybridization | Bent Rule | Class11/JEE | RAFTAAR,2022-01-06,16230,594,0,158,Jan
440,Complex Number 05 | Demolvres' Theorem | Cube Roots of Unity | nth Roots of Unity | Class 11/JEE,2022-01-06,11430,497,0,234,Jan
441,"Work, Energy and Power 04 | Mechanical Energy Conservation | Class 11/JEE | RAFTAAR",2022-01-06,10142,415,0,71,Jan
442,Chemical Bonding 06 | Valence Bond Theory | Hybridization | Class11/JEE | RAFTAAR,2022-01-05,17617,727,0,136,Jan
443,Complex Number 04 | Triangular Inequalities Practice | Logarithm of a Complex | Class 11/JEE,2022-01-05,10478,466,0,310,Jan
444,"Work, Energy and Power 03 | Work Energy Theorem | Class 11/JEE | RAFTAAR",2022-01-05,12710,513,0,99,Jan
445,Chemical Bonding 05 | Overlapping | Class11/JEE | RAFTAAR,2022-01-04,15496,668,0,124,Jan
446,Complex Number 03 | Complex Vector | Triangular Inequalities | Class 11/JEE | RAFTAAR,2022-01-04,11726,459,0,223,Jan
447,"Work, Energy and Power 02 | Calculation of Work | Class 11/JEE | RAFTAAR",2022-01-04,18385,735,0,139,Jan
448,#ConceptChamkega | How To Find Direction Of Frictional Force | Physics Wallah #Shorts,2022-01-03,17894,1769,0,15,Jan
449,Don't Waste your 2022! Let's Rock This Year üí•,2022-01-03,44189,4391,0,120,Jan
450,Chemical Bonding 04 | Overlapping | Class11/JEE | RAFTAAR,2022-01-03,20484,806,0,223,Jan
451,Complex Number 02 | Argument | Euler's Form | Class 11/JEE | RAFTAAR,2022-01-03,15646,610,0,211,Jan
452,"Work, Energy and Power 01 | Calculation of Work | Class 11/JEE | RAFTAAR",2022-01-03,29441,1223,0,171,Jan
453,How to Maximize Performance in JEE MAIN 2022 ? || Physics Wallah,2022-01-02,61400,4572,0,198,Jan
454,GOC 11 | Optical Isomerism | Relative Configuration | Class 11/JEE | RAFTAAR,2022-01-02,9765,346,0,56,Jan
455,Boyle's Law Experiment | Science Experiment | Physics Wallah #Shorts,2022-01-02,239649,20336,0,79,Jan
456,Happy New Year üéä from Sarvesh Sir & Team PW !!!,2022-01-01,22959,2608,0,161,Jan
457,Chemical Bonding 03 | Covalent Bond | Overlapping | Class11/JEE | RAFTAAR,2021-12-31,21011,875,0,238,Dec
458,Complex Number 01 | Positive Integral Power of IOTA | Modulus Conjugate | Class 11/JEE | RAFTAAR,2021-12-31,30439,1067,0,179,Dec
459,Laws of Motion 10 | 2 Block Problem | Class 11/JEE | RAFTAAR,2021-12-31,13132,527,0,73,Dec
460,Chemical Bonding 02 | Octet Rule | Formal Change | Class11/JEE,2021-12-30,20729,911,0,199,Dec
461,Quadratic Equations 04 | Descartes Root of Sign | Location of Roots | Class 11/JEE | RAFTAAR,2021-12-30,15208,637,0,386,Dec
462,Laws of Motion 09 | Friction | Class 11/JEE | RAFTAAR,2021-12-30,11763,496,0,93,Dec
463,Henry's Law Explained | Solubility Of Gas In Liquid | Chemistry | Physics Wallah #Shorts,2021-12-30,188252,17740,0,309,Dec
464,Chemical Bonding 01 | Octet Rule | Formal Change | Class11/JEE,2021-12-29,48843,1738,0,203,Dec
465,Quadratic Equations 03 | Graphs | Newton's Formula | Class 11/JEE | RAFTAAR,2021-12-29,19590,783,0,240,Dec
466,Laws of Motion 08 | Pseudo Force | Friction | Class 11/JEE | RAFTAAR,2021-12-29,12859,509,0,91,Dec
467,Quadratic Equations 02 | Condition Of Common Root | Identities | Newton's Formula | Class 11/JEE,2021-12-28,23966,834,0,357,Dec
468,Classification of Elements & Periodicity 09 | Electron Affinity | Electronegativity | Class11/JEE,2021-12-28,13043,493,0,211,Dec
469,Laws of Motion 07 | Spring Force | Weighing Machine | Pseudo Force | Class 11/JEE | RAFTAAR,2021-12-28,13307,548,0,81,Dec
470,JEE 2022 Syllabus Alert üì£ | 100 Days Strategy For JEE 2022 | Physics Wallah #shorts,2021-12-28,35945,3201,0,28,Dec
471,Classification of Elements & Periodicity 08 | Ionisation Energy | Electron Affinity | Class11/JEE,2021-12-27,13281,573,0,193,Dec
472,Laws of Motion 06 | Wedge Constraint | NLM on System | Class 11/JEE | RAFTAAR,2021-12-27,17559,678,0,160,Dec
473,LIVE Menti Quiz - Structure of Atom | Class 11/JEE | RAFTAAR,2021-12-26,25696,1778,0,44,Dec
474,GOC 10 | Introduction | Plane of Symmetry | Centre of Symmetry | Class 11/JEE | RAFTAAR,2021-12-26,11526,441,0,78,Dec
475,Cosmic Rays ‡§ï‡§ø‡§§‡§®‡•á ‡§ñ‡§§‡§∞‡§®‡§æ‡§ï ‡§π‡•à‡§Ç ?üò± Importance of Earth‚Äôs Magnetic Field | Physics Wallah #Shorts,2021-12-26,37101,3397,0,28,Dec
476,Classification of Elements & Periodicity 07 | Ionisation Energy | Electron Affinity | Class11/JEE,2021-12-24,14943,534,0,117,Dec
477,Quadratic Equations 01 | Quadratic Expression | Equation Sum | Product of Roots | Class 11/JEE,2021-12-24,41106,1393,0,386,Dec
478,Laws of Motion 05 | Constraint Motion | Class 11/JEE | RAFTAAR,2021-12-24,18812,688,0,124,Dec
479,Here's The Ultimate JEE 2022 Strategy ü§© | JEE Crash Course In 2 Months | Physics Wallah #Shorts,2021-12-24,34615,3059,0,39,Dec
480,Mathematical Induction 01 | PMI and Homework Discussion | Class 11/JEE | RAFTAAR,2021-12-23,18003,614,0,57,Dec
481,Classification of Elements & Periodicity 06 | Atomic Radius | Ionic Radius | Class11/JEE,2021-12-23,14408,495,0,138,Dec
482,Laws of Motion 04 | Accelerated Motion | Constraint Motion | Class 11/JEE | RAFTAAR,2021-12-23,22917,816,0,117,Dec
483,Classification of Elements & Periodicity 05 | Atomic Radius | Ionic Radius | Class11/JEE,2021-12-22,18551,709,0,297,Dec
484,Height And Distance 01 | Trigonometric Inequalities | Class 11/JEE | RAFTAAR,2021-12-22,21724,911,0,189,Dec
485,Laws of Motion 03 | Equilibrium | Class 11/JEE | RAFTAAR,2021-12-22,17651,854,0,150,Dec
486,Classification of Elements & Periodicity 04 | Modern Periodic Table | Class11/JEE,2021-12-21,20475,822,0,195,Dec
487,Trigonometry-II 04 | Trigonometric Equations Remaining Part | Class 11/JEE | RAFTAAR,2021-12-21,15489,631,0,362,Dec
488,Laws of Motion 02 | Free Body Diagram | Equilibrium | Class 11/JEE | RAFTAAR,2021-12-21,29766,1136,0,162,Dec
489,#ConceptChamkega | SINGLET AND TRIPLET CARBENE | Physics Wallah #Shorts,2021-12-20,13197,935,0,11,Dec
490,Classification of Elements & Periodicity 03 | Modern Periodic Table | Class11/JEE,2021-12-20,22110,866,0,122,Dec
491,Trigonometry-II 03 | More Methods to Solve Trigonometric Equations | Class 11/JEE | RAFTAAR,2021-12-20,16825,713,0,344,Dec
492,"Laws of Motion 01 | Introduction to 1st,2nd & 3rd Law | Free Body Diagram | Class 11/JEE | RAFTAAR",2021-12-20,46750,1780,0,238,Dec
493,GOC 09 | Confirmational Isomerism | Class 11/JEE | RAFTAAR,2021-12-19,12901,484,0,56,Dec
494,Confused How To Stay Focused? Just Follow These 4 Easy Tips | Physics Wallah #Shorts,2021-12-19,36809,4543,0,54,Dec
495,GOC 08 | Absolute Configuration | Calculation & Properties of Geometrical Isomerism | Class 11/JEE,2021-12-18,14528,478,0,55,Dec
496,Trigonometry-II 02 | Methods to Solve Trigonometric Equations | Class 11/JEE | RAFTAAR,2021-12-18,19168,795,0,363,Dec
497,Live Practice Session - Motion in a Plane 11 | Relative & Projectile Motion | Class 11/JEE | RAFTAAR,2021-12-18,17321,1271,0,80,Dec
498,Classification of Elements & Periodicity 02 | Modern Periodic Table | Class11/JEE,2021-12-17,27760,1073,0,139,Dec
499,Trigonometry-II 01 | Range of Trigonometry | Methods to Solve Trigonometric Equations | Class 11/JEE,2021-12-17,23564,880,0,352,Dec
500,Motion in a Plane 10 | Velocity of Approach | Separation in 2-D | Class 11/JEE | RAFTAAR,2021-12-17,10533,461,0,67,Dec
501,Motion in a Plane 09 | Wind Problems | Rain Problems | Class 11/JEE | RAFTAAR,2021-12-16,10428,400,0,61,Dec
502,Classification of Elements & Periodicity 01 | Genesis of Periodic Classification | Class11/JEE,2021-12-16,45055,1604,0,230,Dec
503,Trigonometry 04 | More Problems on Telescopic Method | Conditional Identities | Class 11/JEE,2021-12-16,28684,946,0,372,Dec
504,#ConceptChamkega | Work Done By Friction | Work Power And Energy | Physics Wallah #Shorts,2021-12-16,15386,1395,0,22,Dec
505,Structure Of Atom 09 | Schrodinger Wave Equation | Class11/JEE | RAFTAAR,2021-12-15,25377,1030,0,338,Dec
506,Trigonometry 03 | Trigonometry Series Question | Question Practice | Class 11/JEE | RAFTAAR,2021-12-15,38911,1254,0,470,Dec
507,Motion in a Plane 08 | River Problems | Rain Problems | Class 11/JEE | RAFTAAR,2021-12-15,13616,594,0,111,Dec
508,Structure Of Atom 08 | Hund's Rule | Pauli Exclusion Principal | Class11/JEE | RAFTAAR,2021-12-14,16503,657,0,143,Dec
509,Trigonometry 02 | Compond Angles | Question Practice | Class 11/JEE | RAFTAAR,2021-12-14,46705,1545,0,602,Dec
510,Motion in a Plane 07 | Relative Motion in 1-D | Class 11/JEE | RAFTAAR,2021-12-14,12859,555,0,95,Dec
511,What Is a Black Box? Why Is It So Important in Airplane Crashes? Physics Wallah #Shorts,2021-12-14,25825,1910,0,18,Dec
512,Structure Of Atom 07 | Heisenberg Uncertainly Principal | Quantum Number | Class11/JEE | RAFTAAR,2021-12-13,21369,907,0,214,Dec
513,Trigonometry 01 | Angle & it's Units | Conversion | Quadrant Rule | Class 11/JEE | RAFTAAR,2021-12-13,76185,2493,0,1060,Dec
514,Motion in a Plane 06 || Relative Motion Introduction || Class 11/JEE || RAFTAAR,2021-12-13,12178,657,0,139,Dec
515,GOC 07 | Condition of Geometrical Isomerism | Class 11/JEE | RAFTAAR,2021-12-12,19372,661,0,92,Dec
516,GOC 06 | Structural Isomerism | Class 11/JEE | RAFTAAR,2021-12-11,23630,798,0,75,Dec
517,Relation & Function 09 | Transformation of Graphs | Class 11/JEE | RAFTAAR,2021-12-11,17546,810,0,291,Dec
518,Motion in a Plane 05 | Projectile from Inclined Plane | Class 11/JEE | RAFTAAR,2021-12-11,15641,683,0,138,Dec
519,Structure Of Atom 06 | Hydrogen Spectrum | De Broglie Equation | Class11/JEE | RAFTAAR,2021-12-10,23196,922,0,458,Dec
520,Relation & Function 08 | Questions on Greatest Integer | Signum & Exponential Function | Class 11,2021-12-10,18757,765,0,473,Dec
521,Motion in a Plane 04 | Projectile from Inclined Plane | Class 11/JEE | RAFTAAR,2021-12-10,13786,610,0,100,Dec
522,#ConceptChamkega | FRIEDEL CRAFT REACTION - JEE MAINS | Physics Wallah #Shorts,2021-12-10,13102,926,0,12,Dec
523,Structure Of Atom 05 | Bohr's Atomic Model | Hydrogen Spectrum | Class11/JEE | RAFTAAR,2021-12-09,22667,1048,0,604,Dec
524,Relation & Function 07 | Methods to Find Range | Important Graphs | Class 11/JEE | RAFTAAR,2021-12-09,19473,852,0,443,Dec
525,Motion in a Plane 03 | Projectile from H Height | Class 11/JEE | RAFTAAR,2021-12-09,15203,653,0,228,Dec
526,Structure Of Atom 04 | Bohr's Atomic Model | Class11/JEE | RAFTAAR,2021-12-08,27469,1289,0,252,Dec
527,Relation & Function 06 | Questions on Greatest Integer | Signum & Exponential Function | Class 11,2021-12-08,19643,799,0,454,Dec
528,Motion in a Plane 02 | Equation of Trajectory | Class 11/JEE | RAFTAAR,2021-12-08,19760,898,0,244,Dec
529,Structure Of Atom 03 | Planck's Quantum Theory | Photoelectric Effect | Class11/JEE | RAFTAAR,2021-12-07,35063,1285,0,386,Dec
530,Relation & Function 05 | Greatest Integer Function | Fractional Part Function | Class 11/JEE,2021-12-07,22706,971,0,809,Dec
531,Motion in a Plane 01 | Ground to Ground Projectile | Equation of Trajectory | Class 11/JEE,2021-12-07,43198,1567,0,173,Dec
532,‡§Æ‡•á‡§π‡§®‡§§ ‡§ï‡§æ ‡§´‡§≤ ‡§Æ‡•Ä‡§†‡§æ ‡§π‡•ã‡§§‡§æ ‡§π‡•à | How to Crack IIT | Physics Wallah #Shorts,2021-12-07,28341,2955,0,39,Dec
533,Structure Of Atom 02 | Thomson's Atomic Model | Rutherford's Experiment | Class11/JEE | RAFTAAR,2021-12-06,38560,1509,0,643,Dec
534,Relation & Function 04 | Monotonic Function | Logarithmic Inequalities | Floor Function | Class 11,2021-12-06,27853,1072,0,235,Dec
535,Motion in a straight Line 06 | Acceleration Time Curve | Variable Acceleration  | Class 11/JEE,2021-12-06,23085,895,0,180,Dec
536,GOC 05 | IUPAC Nomenclature | Class 11/JEE | RAFTAAR,2021-12-05,25968,878,0,106,Dec
537,#ConceptChamkega | Surface Tension Class 11 Experiment | Physics Wallah #Shorts,2021-12-05,50577,5588,0,59,Dec
538,GOC 04 | IUPAC Nomenclature | Class 11/JEE | RAFTAAR,2021-12-04,33087,1096,0,165,Dec
539,Relation & Function 03 | Functions | Vertical Line Tests | Finding Domain | Class 11/JEE | RAFTAAR,2021-12-04,29788,1297,0,612,Dec
540,Motion in a straight Line 05 | Graph Related Questions | Class 11/JEE | RAFTAAR,2021-12-04,29188,1133,0,173,Dec
541,Structure Of Atom 01 | Sub Atomic Particles | Cathode Rays & Anode Rays | Class11/JEE | RAFTAAR,2021-12-03,66680,2524,0,691,Dec
542,Relation & Function 02 | Relations | Functions | Class 11/JEE | RAFTAAR,2021-12-03,35096,1382,0,441,Dec
543,Motion in a straight Line 04 | Uniformly Accelerated Motion | Motion Under Gravity | Class 11/JEE,2021-12-03,30608,1150,0,143,Dec
544,Mole Concept 09 | Law of Chemical Combinations | Significance Figures | Class 11/JEE | RAFTAAR,2021-12-02,23589,898,0,341,Dec
545,Relation & Function 01 | Venn Diagram | Cartesian Product | Relation | Discussion | Class 11,2021-12-02,56909,2086,0,510,Dec
546,Motion in a straight Line 03 | Average & Inst Acceleration | Uniformly Accelerated Motion | Class 11,2021-12-02,38877,1510,0,230,Dec
547,‡§∞‡•Å‡§ï‡•ã ‡§Æ‡§§ ‡§Ü‡§ó‡•á ‡§ö‡§≤‡§§‡•á ‡§∞‡§π‡•ã!!üö∂üèº‚Äç‚ôÇÔ∏è |  How to become Successful | Physics Wallah #Shorts,2021-12-02,21946,2621,0,33,Dec
548,Mole Concept 08 || Double Titration || Average Atomic/Molecular Mass || Class 11/JEE || RAFTAAR,2021-12-01,26240,1037,0,616,Dec
549,Set Theory 02 || Power Sets || Operations on Sets || Class 11/JEE || RAFTAAR,2021-12-01,53838,1841,0,466,Dec
550,"Motion in a straight Line 02 || Average & Inst Velocity, Speed & Acceleration  || Class 11/JEE",2021-12-01,52913,1730,0,245,Dec
551,Motion in a straight Line 01 || Distance & Displacement || Class 11/JEE || RAFTAAR,2021-11-30,77305,2547,0,356,Nov
552,Mole Concept 07 || Percentage Yield || Mixing of Reacting Solutions || Class 11/JEE || RAFTAAR,2021-11-30,24780,1095,0,462,Nov
553,Set Theory 01 || Representation of Sets || Types of Sets || Class 11/JEE || RAFTAAR,2021-11-30,90144,3053,0,505,Nov
554,#ConceptChamkega | Motion of Charged Particles | Physics NCERT Chapter 4 | Physics Wallah #Shorts,2021-11-30,19486,1461,0,28,Nov
555,Mole Concept 06 || Application of Limiting Reagent || Percentage Purity || Class 11/JEE || RAFTAAR,2021-11-29,31965,1365,0,702,Nov
556,Basics of Mathematics 07 || Logarithm || Class 11/JEE || RAFTAAR,2021-11-29,80361,2826,0,495,Nov
557,Mathematical Tools 08 || Product of Vector || Class 11/JEE || RAFTAAR,2021-11-29,41385,1718,0,345,Nov
558,GOC 03 || IUPAC Nomenclature Rules || Hydrocarbon Nomenclature || Class 11/JEE || RAFTAAR,2021-11-28,52366,1781,0,203,Nov
559,GOC 02 || Double Bond Equivalent || Classification of Organic Compound || Class 11/JEE || RAFTAAR,2021-11-27,61881,2082,0,200,Nov
560,Basics of Mathematics 06 || Modulus Inequalities || Class 11/JEE || RAFTAAR,2021-11-27,50159,1856,0,849,Nov
561,Mathematical Tools 07 || Polygon Law || Position Vector || Component of Vector || Class 11/JEE,2021-11-27,44733,1907,0,344,Nov
562,PRADEEP KUMAR from Physics Wallah secured RANK 2479 in JEE Advanced 2021 üî•üî•,2021-11-27,9716,560,0,8,Nov
563,PRATHAM RAJ BHATT from Physics Wallah secured RANK 2284 in JEE Advanced 2021 üî•üî•,2021-11-27,4884,268,0,6,Nov
564,DEEPAK KUMAR from Physics Wallah secured RANK 2583 in JEE Advanced 2021 üî•üî•,2021-11-27,11044,605,0,22,Nov
565,SUMIT GHOSH from Physics Wallah secured RANK 2005 in JEE Advanced 2021 üî•üî•,2021-11-27,9847,767,0,13,Nov
566,Mole Concept 05 || Volume Strength || Oleum Sample || Class 11/JEE || RAFTAAR,2021-11-26,40798,1766,0,309,Nov
567,Basics of Mathematics 05 || Geometrical Interpretation of Modulus Function || Class 11/JEE RAFTAAR,2021-11-26,45021,1872,0,982,Nov
568,Mathematical Tools 06 || Introduction to Vectors || Vector Addition || Class 11/JEE || RAFTAAR,2021-11-26,60559,2321,0,228,Nov
569,SAHIL KUMAR from Physics Wallah secured RANK 2686 in JEE Advanced 2021 üî•üî•,2021-11-26,5461,319,0,7,Nov
570,JAY TANDIA from Physics Wallah secured RANK 1926 in JEE Advanced 2021 üî•üî•,2021-11-26,3857,275,0,10,Nov
571,RITIK KUMAR from Physics Wallah secured RANK 2952 in JEE Advanced 2021 üî•üî•,2021-11-26,3336,216,0,13,Nov
572,Mole Concept 04 || Box Method || Mixing of Non Reacting Solutions || Class 11/JEE || RAFTAAR,2021-11-25,49257,1956,0,653,Nov
573,Basics of Mathematics 04 || Homework Discussion || Modulus Practice || Class 11/JEE RAFTAAR,2021-11-25,48761,1971,0,1419,Nov
574,Mathematical Tools 05 || Integration || Class 11/JEE || RAFTAAR,2021-11-25,53283,2610,0,586,Nov
575,SUBRATA BISWAS from Physics Wallah secured RANK 177 in JEE Advanced 2021 üî•üî•,2021-11-25,7397,411,0,48,Nov
576,ROHIT CHOUDHARY from Physics Wallah secured RANK 3027 in JEE Advanced 2021 üî•üî•,2021-11-25,3256,231,0,4,Nov
577,PRERIT TIWARI from Physics Wallah secured RANK 117 in JEE Advanced 2021 üî•üî•,2021-11-25,5096,313,0,6,Nov
578,Mole Concept 03 || Concentration Terms || Class 11/JEE || RAFTAAR,2021-11-24,61387,2463,0,288,Nov
579,Basics of Mathematics 03 || Rational Inequalities || Absolute Value Function || Class 11/JEE,2021-11-24,59545,2405,0,1391,Nov
580,Mathematical Tools 04 || AOD || Introduction to Integration || Class 11/JEE || RAFTAAR,2021-11-24,61058,2480,0,373,Nov
581,VIKAS SAGAR from Physics Wallah secured RANK 1230 in JEE Advanced 2021 üî•üî•,2021-11-24,6057,346,0,7,Nov
582,OM RAKHMA KALAMBE from Physics Wallah secured RANK 1015  in JEE Advanced 2021 üî•üî•,2021-11-24,3330,212,0,9,Nov
583,AKSHAT CHOUHAN from Physics Wallah secured RANK 1867 in JEE Advanced 2021 üî•üî•,2021-11-24,2610,174,0,4,Nov
584,CHIRAG JINDAL from Physics Wallah secured RANK 3718  in JEE Advanced 2021 üî•üî•,2021-11-23,4830,302,0,11,Nov
585,Mathematical Tools 03 || Chain Rule || Double Differentiation || AOD || Class 11/JEE || RAFTAAR,2021-11-23,78946,3315,0,485,Nov
586,Basics of Mathematics 02 || System of Inequations (Intersection) || Class 11/JEE || RAFTAAR,2021-11-23,85953,3461,0,1890,Nov
587,Mole Concept 02 || Mole Concept || Class 11/JEE || RAFTAAR,2021-11-23,86647,3603,0,450,Nov
588,PRATHIPATI RAJITHA from Physics Wallah secured RANK 3248 in JEE Advanced 2021 üî•üî•,2021-11-23,4824,296,0,13,Nov
589,Mathematical Tools 02 || Introduction to Differentiation || Class 11/JEE || RAFTAAR,2021-11-22,124734,5061,0,635,Nov
590,Mole Concept 01 || Physical Properties and Percentage Composition || Class 11/JEE || RAFTAAR,2021-11-22,137597,6385,0,808,Nov
591,Basics of Mathematics 01 || Wavy Curve Method || Class 11/JEE || RAFTAAR,2021-11-22,169646,7491,0,2191,Nov
592,RINSHI KUMARI from Physics Wallah secured RANK 3242 in JEE Advanced 2021 üî•üî•,2021-11-22,8799,549,0,46,Nov
593,SHIVAM RAGHUWANSHI from Physics Wallah secured RANK 4150 in JEE Advanced 2021 üî•üî•,2021-11-22,4139,307,0,12,Nov
594,NIKHIL SWAMI from Physics Wallah secured RANK 3191 in JEE Advanced 2021 üî•üî•,2021-11-22,4482,305,0,12,Nov
595,GOC 01 || Introduction & Classification of Organic Chemistry || Class 11/JEE || RAFTAAR,2021-11-21,191238,9198,0,1029,Nov
596,ASHUTOSH KUMAR SINGH  from Physics Wallah secured RANK 2540 in JEE Advanced 2021 üî•üî•,2021-11-21,11040,680,0,24,Nov
597,Let's Start Our Journey with RAFTAAR üöÄ || Mathematical Tools 01,2021-11-21,293373,14932,0,1985,Nov
598,PRATHAM RAJ BHATT from Physics Wallah secured RANK 2284 in JEE Advanced 2021 üî•üî•,2021-11-21,6461,419,0,48,Nov
599,GOVRANI KEYUR HITESH from Physics Wallah secured RANK 6388 in JEE Advanced 2021 üî•üî•,2021-11-20,6745,397,0,11,Nov
600,SUGADARE SACHIN GANESH from Physics Wallah secured RANK 1519  in JEE Advanced 2021 üî•üî•,2021-11-20,5915,384,0,11,Nov
601,RUDRANSH SHISHODIA from Physics Wallah secured RANK 6930 in JEE Advanced 2021 üî•üî•,2021-11-19,4659,283,0,8,Nov
602,AMAN SHARMA from Physics Wallah secured RANK 1192 in JEE Advanced 2021 üî•üî•,2021-11-19,5426,342,0,12,Nov
603,SAGAR KUMAR from Physics Wallah secured RANK 1108 in JEE Advanced 2021 üî•üî•,2021-11-18,6252,415,0,16,Nov
604,RISHI BACHHUKA from Physics Wallah secured RANK 11937 in JEE Advanced 2021 üî•üî•,2021-11-18,5925,340,0,30,Nov
605,KATLA ROHITH KUMAR REDDY from Physics Wallah secured RANK 1039 in JEE Advanced 2021 üî•üî•,2021-11-18,12959,572,0,29,Nov
606,PRIYANSHU KUMAR from Physics Wallah secured RANK 5374 in JEE Advanced 2021 üî•üî•,2021-11-17,7847,479,0,17,Nov
607,AKASH KUMAR from Physics Wallah secured RANK 798  in JEE Advanced 2021 üî•üî•,2021-11-17,9171,540,0,50,Nov
608,ARIN RAY from Physics Wallah secured RANK 5449 in JEE Advanced 2021 üî•üî•,2021-11-16,18562,1180,0,93,Nov
609,MOHIT GUPTA from Physics Wallah secured RANK 345 in JEE Advanced 2021 üî•üî•,2021-11-16,17181,1140,0,32,Nov
610,RITIK from Physics Wallah secured RANK 6808 in JEE Advanced 2021 üî•üî•,2021-11-12,13044,788,0,18,Nov
611,HARSHAL NITIN CHAWARE from Physics Wallah secure RANK 4651 in JEE Advanced 2021 üî•üî•,2021-11-12,7316,402,0,7,Nov
612,ADNAN AHMAD from Physics Wallah secured RANK 1150 in JEE Advanced 2021 üî•üî•,2021-11-11,8950,549,0,32,Nov
613,ADITYA SARAN from Physics Wallah secured RANK 9758 in JEE Advanced 2021 üî•üî•,2021-11-11,9082,595,0,40,Nov
614,MAYANK PRATAP SINGH from Physics Wallah secured RANK 1203 in JEE Advanced 2021 üî•üî•,2021-11-10,6564,305,0,16,Nov
615,KRISH BISHWANATH from Physics Wallah secured RANK 1134 in JEE Advanced 2021 üî•üî•,2021-11-10,6892,362,0,23,Nov
616,NIKUNJ GUPTA from Physics Wallah secured RANK 9774 in JEE Advanced 2021 üî•üî•,2021-11-09,6358,364,0,21,Nov
617,NITYAM from Physics Wallah secured RANK 4719 in JEE Advanced 2021 üî•üî•,2021-11-09,6438,375,0,18,Nov
618,DEEPAK KUMAR from Physics Wallah secured RANK 9255 in JEE Advanced 2021 üî•üî•,2021-11-08,5594,304,0,23,Nov
619,ARUP MAHATHA from Physics Wallah secured RANK 7614 in JEE Advanced 2021 üî•üî•,2021-11-08,6610,421,0,13,Nov
620,VANSH RAJ SACHAN from Physics Wallah secured RANK 1604 in JEE Advanced 2021 üî•üî•,2021-11-07,7142,405,0,18,Nov
621,AKASH KUMAR from Physics Wallah secured RANK 798 in JEE Advanced 2021 üî•üî•,2021-11-07,9520,625,0,24,Nov
622,RAJEEV KANDPAL from Physics Wallah secured RANK 1957 in JEE Advanced 2021 üî•üî•,2021-11-06,7279,385,0,10,Nov
623,ANISH KUMAR SAHU from Physics Wallah secured RANK 681 in JEE Advanced 2021 üî•üî•,2021-11-06,11526,700,0,34,Nov
624,MANISH KUMAR from Physics Wallah secured RANK 2494 in JEE Advanced 2021 üî•üî•,2021-11-05,6636,395,0,6,Nov
625,M.S. AKSHAY RAJ from Physics Wallah secured RANK 501 in JEE Advanced 2021 üî•üî•,2021-11-05,11370,641,0,53,Nov
626,ABHISHEK BHARDWAJ from Physics Wallah secured RANK 3478 in JEE Advanced 2021 üî•üî•,2021-11-05,7464,418,0,42,Nov
627,PRADEEP RAJESH MUNDLIK from Physics Wallah secured RANK 266 in JEE Advanced 2021 üî•üî•,2021-11-04,12156,641,0,44,Nov
628,ABHIJEET PANDEY from Physics Wallah secured RANK 3567 in JEE Advanced 2021 üî•üî•,2021-11-04,12038,760,0,33,Nov
629,RAUSHAN KUMAR from Physics Wallah secured RANK 162 in JEE Advanced 2021 üî•üî•,2021-11-04,22952,1156,0,96,Nov
630,Physics Behind Diya | Happy Diwali | Capillary Action | Physics Wallah #Shorts,2021-11-03,38100,4564,0,271,Nov
631,#ConceptChamkega | Difference between Boiling and Vaporization | Physics Wallah #Shorts,2021-10-31,35270,2967,0,82,Oct
632,Whenever You Feel Discouraged üòî WATCH THIS!!! üí™ | Physics Wallah #Shorts,2021-10-28,41678,5312,0,149,Oct
633,Struggling Story of a JEE Aspirant! Journey to IIT Kharagpur üî• Check Description.,2021-10-27,276639,28825,0,919,Oct
634,"#ConceptChamkega | Sequence and Series - Sum of Infinite Series, JEE Main | Physics Wallah #Shorts",2021-10-26,26369,2149,0,89,Oct
635,TRY IT FOR 21 DAYS TO CHANGE YOUR LIFE! | Motivational Video | Physics Wallah #Shorts,2021-10-24,66050,6515,0,124,Oct
636,#ConceptChamkega | Bond Angle Drago's Rule | Chemical Bonding - JEE Main | Physics Wallah #Shorts,2021-10-22,39051,2833,0,74,Oct
637,Language is not a Barrier to beat IIT || JEE Advanced Topper,2021-10-21,72806,5828,0,175,Oct
638,How PhysicsWallah Helped Saurabh Kulkarni to Get AIR 391 in IIT JEE Advanced 2021???,2021-10-21,355402,38724,0,406,Oct
639,How PW Helped Divyansh to Get AIR 48 in JEE Adv 2021? || JEE ULTIMATE & Toppers JEE ADVANCED Batch,2021-10-21,103706,8653,0,163,Oct
640,How PW Helped Priyanshu to Get AIR 36 in JEE Advanced 2021? || PRAYAS & Toppers JEE ADVANCED Batch,2021-10-21,144086,13214,0,284,Oct
641,Be Worth It | Know Your Value | Physics Wallah #Shorts,2021-10-20,93265,9025,0,565,Oct
642,How To Increase Productivity | How To Increase Efficiency | Physics Wallah #Shorts,2021-10-17,43679,4316,0,137,Oct
643,#ConceptChamkega | Calculate Number of Elements In A Period | Chemistry | Physics Wallah #Shorts,2021-10-14,29433,1933,0,143,Oct
644,JEE RESULTS KA DARRR üò∞ Check Description!!!,2021-10-13,82487,7382,0,348,Oct
645,How to Deal with Pressure | How to Manage Stress as a Student | Physics Wallah #Shorts,2021-10-12,58339,6898,0,252,Oct
646,Never do these Mistakes while Preparing for JEE 2022 || Test Analysis Kaise Kare???,2021-10-11,45310,4441,0,419,Oct
647,Stream Or College What Should You Choose??ü§î | Counselling With PW | Physics Wallah #Shorts,2021-10-10,43747,3028,0,110,Oct
648,#ConceptChamkega | Laws of Motion | Physics | Physics Wallah #Shorts,2021-10-07,48502,3673,0,247,Oct
649,IIT Cutoff 2021 With Kundan Sir | Counselling With Physics Wallah | Road To IIT  #Shorts,2021-10-05,87666,6942,0,442,Oct
650,Best of Luck For JEE Advanced 2021 from Physics Wallah,2021-10-02,95934,10511,0,944,Oct
651,Top 3 Things To Remember On The Day Of Exam | Exam Tips for JEE Advanced | Physics Wallah #Shorts,2021-10-01,34615,3240,0,86,Oct
652,The Art of JEE Advanced | JEE Advanced 2021 Strategy and Tips | Sachin Sir | Physics Wallah #Shorts,2021-09-30,352303,34836,0,243,Sep
653,Psychology Behind Cracking JEE Advanced | JEE Advanced 2021 Strategy | Physics Wallah #Shorts,2021-09-28,50701,4629,0,129,Sep
654,How to Ace JEE Advanced | JEE Advanced 2021 Strategy | Mohan Sir | Physics Wallah #Shorts,2021-09-26,53442,3562,0,190,Sep
655,How to Study in Drop Year?? Strategy for JEE 2022!!! by MSM Sir,2021-09-09,185647,10882,0,1196,Sep
656,HYDROGEN & S-BLOCK in One Shot - All Concepts & PYQs | Class 11 | JEE Main & Advanced,2021-09-08,122365,4637,0,263,Sep
657,Motivational Poem For Students | Motivation For Future IITians | Harsh Sir | Physics Wallah #Shorts,2021-09-07,84976,7577,0,159,Sep
658,SIMPLE HARMONIC MOTION in One Shot - All Concepts & PYQs | Class 11 | JEE Main & Advanced,2021-09-07,187002,6875,0,290,Sep
659,"Hum LADENGE bhi, Aur JEETENGE bhi !!! Powerful Motivational Video for Droppers ‚ö°üôè",2021-09-07,78375,6430,0,636,Sep
660,TRIGONOMETRY IN ONE SHOT (Part 1) - All Concepts & PYQs | Class 11 | JEE Main & Advanced,2021-09-05,270712,10751,0,465,Sep
661,Messages for Our Teachers from Students - Team JEE Wallah,2021-09-05,55565,4854,0,472,Sep
662,Teacher's Day Special - From Physics Wallah Family!! ‚ù§Ô∏è,2021-09-05,78222,9302,0,1526,Sep
663,Another MATHEMAGICIAN is Here ‚ö°‚ö° Ab IIT Maths Ka Darr Khatm !!!,2021-09-04,265922,17490,0,1751,Sep
664,Manzil Returns and What's in the Upcoming Lecture of One Shot series,2021-09-03,108151,8028,0,278,Sep
665,Please Welcome KOHINOOR of Physics üíé‚ú®,2021-09-02,327150,24076,0,1998,Sep
666,1 September - Shift 1 | JEE Main 2021 Paper Discussion (Maths and Chemistry),2021-09-02,42402,1978,0,65,Sep
667,31 August - Shift 2 || JEE Main 2021 Paper Discussion,2021-08-31,59931,2892,0,95,Aug
668,31 August - Shift 1 || JEE Main 2021 Paper Discussion,2021-08-31,77848,3500,0,146,Aug
669,Stay Tuned For JEE Main Discussion | JEE Mains | Rohit Sir | Physics Wallah #Shorts,2021-08-31,57215,3965,0,113,Aug
670,27 August - Shift 1 || JEE Main 2021 Paper Discussion,2021-08-27,77371,3245,0,178,Aug
671,26 August - Shift 1 || JEE Main 2021 Paper Discussion,2021-08-26,180246,7454,0,220,Aug
672,HALOALKANES AND HALOARENES in One Shot - All Concepts & PYQs | Class 12 | JEE Main & Advanced,2021-08-24,136215,5616,0,285,Aug
673,KTG AND THERMODYNAMICS in One Shot - All Concepts & PYQs | Class 11 | JEE Main & Advanced,2021-08-21,179834,5944,0,320,Aug
674,COORDINATION COMPOUND in One Shot (Part-2) - All Concepts & PYQs | Class 12 | JEE Main & Advanced,2021-08-19,93720,4046,0,171,Aug
675,COORDINATION COMPOUND in One Shot (Part-1) - All Concepts & PYQs | Class 12 | JEE Main & Advanced,2021-08-19,142082,5322,0,200,Aug
676,ELLIPSE AND HYPERBOLA in One Shot (Part-2) - All Concepts & PYQs | Class 11 | JEE Main & Advanced,2021-08-18,46884,2325,0,103,Aug
677,ELLIPSE AND HYPERBOLA in One Shot (Part-1) - All Concepts & PYQs | Class 11 | JEE Main & Advanced,2021-08-18,108244,6144,0,125,Aug
678,HAPPY INDEPENDENCE DAY from Team JEE Wallah,2021-08-15,72631,7809,0,582,Aug
679,REDOX REACTIONS in One Shot - All Concepts & PYQs | Class 11 | JEE Main & Advanced,2021-08-14,214288,7076,0,322,Aug
680,THERMAL PROPERTIES OF MATTER in One Shot - All Concepts & PYQs | Class 11 | JEE Main & Advanced,2021-08-12,141268,4908,0,222,Aug
681,PARABOLA in One Shot - Full Chapter Revision | Class 11 | JEE Main and Advanced,2021-08-10,191866,8062,0,312,Aug
682,HYDROCARBONS in One Shot - Full Chapter Revision | Class 11 | JEE Main and Advanced,2021-08-07,256613,9693,0,505,Aug
683,"FLUIDS in One Shot - All Concepts, Tricks & PYQs Covered | Class 11 | JEE Main & Advanced",2021-08-06,233448,8882,0,364,Aug
684,MANZIL is Back üî• Are you Ready??,2021-08-04,197668,24961,0,2918,Aug
685,27 July - Shift 2 || JEE Main 2021 Paper Solutions,2021-07-28,98388,3542,0,427,Jul
686,27th July - Shift 1 || JEE Main 2021 Paper Solutions,2021-07-27,81085,3469,0,123,Jul
687,25 JULY - SHIFT 2 || JEE Main 2021 Paper Solutions,2021-07-26,202339,8810,0,388,Jul
688,25 JULY - SHIFT 1 || JEE Main 2021 3rd Attempt Paper Solutions,2021-07-25,174370,7811,0,184,Jul
689,22nd July - Shift 2 || JEE Main 2021 Paper Discussion,2021-07-23,132242,5887,0,231,Jul
690,JEE Main 2021 Paper Discussion - Maths & Chemistry || 20th July Shift 2,2021-07-22,113839,4504,0,529,Jul
691,Complete ORGANIC CHEMISTRY in 6 Hours - Best Revision Lecture for JEE Main üî•,2021-07-21,1809951,54630,0,2792,Jul
692,Chemistry Paper Discussion || 20th July Morning Shift,2021-07-20,100311,4598,0,293,Jul
693,JEE Main 2021 - Physics Paper Discussion || 20th July - Shift 1,2021-07-20,162016,7506,0,271,Jul
694,JEE Main 2021 - Mathematics Paper Discussion || 20th July Morning Shift,2021-07-20,133197,5839,0,184,Jul
695,COMMUNICATION SYSTEM in One Shot - Full Chapter Revision | Class 12 | JEE Main,2021-07-19,288009,9959,0,373,Jul
696,ALL THE VERY BEST BACHHON üôèüî•,2021-07-19,342530,41097,0,2905,Jul
697,SEMICONDUCTORS in One Shot - Full Chapter Revision | Class 12 | JEE Main,2021-07-19,454867,13459,0,595,Jul
698,UNITS AND MEASUREMENTS in One Shot - Full Chapter Revision | Class 11 | JEE Main,2021-07-19,390789,12833,0,978,Jul
699,ENVIRONMENTAL CHEMISTRY in One Shot - Full Chapter Revision | Class 12 | JEE Main,2021-07-19,154388,7296,0,294,Jul
700,CHEMISTRY IN EVERYDAY LIFE in One Shot - Full Chapter Revision | Class 12 | JEE Main,2021-07-19,201326,8322,0,502,Jul
701,STATISTICS in One Shot - Full Chapter Revision | Class 12 | JEE Main,2021-07-19,119722,4649,0,150,Jul
702,MATHEMATICAL REASONING in One Shot - Full Chapter Revision | Class 12 | JEE Main,2021-07-19,136174,5960,0,192,Jul
703,How to Score MAXIMUM Marks in JEE Main 2021??? Powerful Tips by Rajwant sir,2021-07-18,186273,15107,0,972,Jul
704,3-D GEOMETRY in One Shot - Full Chapter Revision | Class 12 | JEE Main,2021-07-18,720385,19066,0,702,Jul
705,BIOMOLECULES in One Shot - Full Chapter Revision | Class 12 | JEE Main,2021-07-18,250054,8958,0,493,Jul
706,KTG & Thermodynaimcs in One Shot - Full Chapter Revision | Class 11 | JEE Main,2021-07-18,208742,7251,0,364,Jul
707,VECTORS in One Shot - Full Chapter Revision | Class 12 | JEE Main,2021-07-18,740467,24351,0,1039,Jul
708,METALLURGY in One Shot - Full Chapter Revision | Class 12 | JEE Main,2021-07-18,248013,8815,0,379,Jul
709,MODERN PHYSICS in One Shot - Full Chapter Revision | Class 12 | JEE Main,2021-07-17,812697,23943,0,1473,Jul
710,PROBABILITY in One Shot - Full Chapter Revision | Class 12 | JEE Main,2021-07-17,160649,6109,0,200,Jul
711,POLYMERS in One Shot - Full Chapter Revision | Class 12 | JEE Main,2021-07-17,187527,7500,0,348,Jul
712,D & F BLOCK in One Shot - Full Chapter Revision | Class 12 | JEE Main,2021-07-17,165453,5955,0,173,Jul
713,GRAVITATION in One Shot - Full Chapter Revision | Class 11 | JEE Main,2021-07-17,286125,9374,0,331,Jul
714,SURFACE CHEMISTRY in One Shot - Physical Chemistry Syllabus Completed ü•≥,2021-07-16,296402,10607,0,430,Jul
715,AOI & Differential Equation in One Shot - Full Chapter Revision | Class 12 | JEE Main,2021-07-16,127224,5161,0,180,Jul
716,AMINES in One Shot - Full Chapter Revision | Class 12 | JEE Main,2021-07-16,119751,4655,0,280,Jul
717,REDOX REACTION in One Shot - Full Chapter Revision | Class 12 | JEE Main,2021-07-16,152366,5712,0,245,Jul
718,WAVE OPTICS in One Shot - Full Chapter Revision | Class 12 | JEE Main,2021-07-16,285044,10037,0,368,Jul
719,RAY OPTICS in One Shot - Full Chapter Revision | Class 12 | JEE Main,2021-07-15,520574,15368,0,635,Jul
720,DEFINITE INTEGRALS in One Shot - Full Chapter Revision | Class 12 | JEE Main,2021-07-15,142588,5533,0,170,Jul
721,P-BLOCK in One Shot - Full Chapter Revision | Class 12 | JEE Main,2021-07-15,253223,8048,0,341,Jul
722,ELECTROMAGNETIC WAVES in One Shot - Full Chapter Revision | Class 12 | JEE Main,2021-07-15,163186,7311,0,250,Jul
723,ALTERNATING CURRENT in One Shot - Full Chapter Revision | Class 12 | JEE Main,2021-07-15,204562,8367,0,338,Jul
724,INDEFINITE INTEGRATION in One Shot - Full Chapter Revision | Class 12 | JEE Main,2021-07-14,238934,9353,0,365,Jul
725,ELECTROMAGNETIC INDUCTION in One Shot - Full Chapter Revision | Class 12 | JEE Main,2021-07-14,197905,7738,0,365,Jul
726,"ALDEHYDE, KETONES AND CARBOXYLIC ACID in One Shot - Full Chapter Revision | Class 12 | JEE Main",2021-07-14,162537,5594,0,208,Jul
727,SOLUTIONS in One Shot - Full Chapter Revision | Class 12 | JEE Main,2021-07-14,1281235,39993,0,1344,Jul
728,MAGNETISM in One Shot - Full Chapter Revision | Class 12 | JEE Main,2021-07-14,167797,6350,0,189,Jul
729,CHEMICAL KINETICS in One Shot - Full Chapter Revision | Class 12 | JEE Main,2021-07-13,292280,9575,0,353,Jul
730,APPLICATION OF DERIVATIVES in One Shot - Full Chapter Revision | Class 12 | JEE Main,2021-07-13,192430,7589,0,285,Jul
731,CURRENT ELECTRICITY in One Shot - Full Chapter Revision | Class 12 | JEE Main,2021-07-13,502317,17482,0,776,Jul
732,MAGNETIC FIELD in One Shot - Full Chapter Revision | Class 12 | JEE Main,2021-07-13,183690,6799,0,282,Jul
733,CONTINUITY & DIFFERENTIABILITY in One Shot - Full Chapter Revision | Class 12 | JEE Main,2021-07-13,214021,8450,0,273,Jul
734,SOLID STATE in One Shot - Full Chapter Revision | Class 12 | JEE Main,2021-07-12,390844,13775,0,607,Jul
735,ELECTRIC POTENTIAL & CAPACITANCE in One Shot - Full Chapter Revision | Class 11 | JEE Main,2021-07-12,300672,11385,0,553,Jul
736,"ALCOHOLS, PHENOLS & ETHERS in One Shot - Full Chapter Revision | Class 12 | JEE Main",2021-07-12,173148,6626,0,284,Jul
737,ELECTRIC CHARGES AND FIELDS in One Shot - Full Chapter Revision | Class 12 | JEE Main,2021-07-12,426575,15413,0,587,Jul
738,LIMITS AND DERIVATIVES in One Shot - Full Chapter Revision | Class 11 | JEE Main,2021-07-12,341705,13030,0,483,Jul
739,ELECTROCHEMISTRY in One Shot - Full Chapter Revision | Class 12 | JEE Mains,2021-07-11,1254762,35545,0,1187,Jul
740,HALOALKANES AND HALOARENES in One Shot - Full Chapter Revision | Class 12 | JEE Mains,2021-07-11,241341,8775,0,251,Jul
741,WAVES & SOUNDS in One Shot - Full Chapter Revision | Class 11 | JEE Mains,2021-07-11,268776,9573,0,274,Jul
742,MATRICES AND DETERMINANTS in One Shot - Full Chapter Revision | Class 12 | JEE Mains,2021-07-11,430846,15712,0,540,Jul
743,SIMPLE HARMONIC MOTION in One Shot - Full Chapter Revision | Class 11 | JEE Main,2021-07-11,318398,12418,0,974,Jul
744,IONIC EQUILIBRIUM in One Shot - Full Chapter Revision | Class 11 | JEE Main,2021-07-10,757611,21594,0,817,Jul
745,HYDROCARBONS in One Shot - Full Chapter Revision | Class 11 | JEE Main,2021-07-10,266775,9860,0,346,Jul
746,THERMAL PROPERTIES OF MATTER in One Shot (Part 2) - Full Chapter Revision | Class 11 | JEE Main,2021-07-10,92044,4470,0,124,Jul
747,FUNCTIONS in One Shot - Full Chapter Revision | Class 11 & 12 | JEE Main,2021-07-10,375996,15059,0,583,Jul
748,THERMAL PROPERTIES OF MATTER in One Shot (Part 1) - Full Chapter Revision | Class 11 | JEE Main,2021-07-10,157421,7169,0,228,Jul
749,INVERSE TRIGONOMETRIC FUNCTIONS in One Shot - Full Chapter Revision | Class 12 | JEE Main,2021-07-09,171637,7303,0,315,Jul
750,HYDROGEN & S-BLOCK in One Shot - Full Chapter Revision | Class 11 | JEE Main,2021-07-09,232934,8745,0,273,Jul
751,SOLUTION OF TRIANGLES in One Shot - Full Chapter Revision | Class 11 | JEE Main,2021-07-09,104013,4896,0,118,Jul
752,CHEMICAL EQUILIBRIUM in One Shot - Full Chapter Revision | Class 11 | JEE Main,2021-07-09,855756,27433,0,993,Jul
753,Fluid Mechanics in One Shot - Full Chapter Revision (Part 2) - Class 11 | JEE Main,2021-07-09,98522,5074,0,148,Jul
754,TRIGONOMETRY in One Shot - Full Chapter Revision | Class 11 | JEE Main,2021-07-08,229381,10058,0,426,Jul
755,GENERAL ORGANIC CHEMISTRY in One Shot - Full Chapter Revision (Part 2) | Class 11 | JEE Main,2021-07-08,190079,7718,0,303,Jul
756,ELLIPSE & HYPERBOLA in One Shot - Full Chapter Revision | Class 11 | JEE Main,2021-07-08,114125,5209,0,200,Jul
757,THERMOCHEMISTRY in One Shot - Full Chapter Revision | Class 11 | JEE Main,2021-07-08,444105,16379,0,478,Jul
758,FLUID MECHANICS in One Shot - Full Chapter Revision (Part 1) | Class 11 | JEE Main,2021-07-08,194657,8328,0,236,Jul
759,COORDINATION COMPOUND in One Shot - Full Chapter Revision || Class 11 | JEE Main,2021-07-07,380926,12891,0,554,Jul
760,MANZIL Sprint : PARABOLA in One Shot - Class 11 | JEE Main,2021-07-07,208485,8735,0,365,Jul
761,JEE Main 2021 Dates Announced !!! What's NEXT??? Syllabus Kaise Hoga?,2021-07-07,199462,23174,0,1943,Jul
762,"THERMODYNAMICS in One Shot - All Concepts, Tricks & PYQs | Class 11 | JEE Main & Advanced",2021-07-06,1195132,35299,0,1545,Jul
763,"CIRCLES in One Shot - All Concepts, Tricks & PYQs Covered | Class 11 | JEE Main & Advanced",2021-07-03,322188,11339,0,748,Jul
764,"ELASTICITY in One Shot - All Concepts, Tricks & PYQs | Class 11 | JEE Main & Advanced",2021-07-02,238832,10445,0,400,Jul
765,"STRAIGHT LINE in One Shot - All Concepts, Tricks & PYQs | Class 11 | JEE Main & Advanced",2021-06-30,613048,22163,0,1309,Jun
766,"ROTATIONAL MOTION in One Shot (Part 2) - All Concepts, Tricks & PYQs | Class 11 | JEE Main & Advance",2021-06-29,179123,8221,0,347,Jun
767,"GENERAL ORGANIC CHEMISTRY in One Shot (Part 1) - All Concepts, PYQs | Class 11 | JEE Main & Advanced",2021-06-28,597592,19479,0,815,Jun
768,"SEQUENCE AND SERIES in 1 Shot (Part 2) - All Concepts, Tricks & PYQs | JEE Main & Advanced",2021-06-26,365892,14480,0,947,Jun
769,"ROTATIONAL MOTION in 1 Shot (Part 1) - All Concepts, Tricks & PYQs | Class 11 | JEE Main & Advanced",2021-06-25,550054,22985,0,806,Jun
770,"CHEMICAL BONDING in 1 Shot (Part 2) - All Concepts, Tricks & PYQs | Class 11 | JEE Main & Advanced",2021-06-24,265316,11050,0,456,Jun
771,SEQUENCE AND SERIES in 1 Shot (Part 1) - All Concepts & PYQs | Class 11 | JEE Main & Advanced,2021-06-23,774265,26279,0,1181,Jun
772,"CENTER OF MASS in 1 Shot - All Concepts, Tricks & PYQs | Class 11 | JEE Main & Advanced",2021-06-22,423396,17390,0,722,Jun
773,"ISOMERISM in 1 Shot - All Concepts, Tricks & PYQs Covered | Class 11 | JEE Main & Advanced",2021-06-21,594467,19806,0,1092,Jun
774,"CHEMICAL BONDING in 1 Shot (Part 1) - All Concepts, Tricks & PYQs | Class 11 | JEE Main & Advanced",2021-06-20,895561,30663,0,2115,Jun
775,"Permutation and Combination in 1 Shot (Part 2) - All Concepts, Tricks & PYQs | JEE Main & Advanced",2021-06-19,243770,10767,0,665,Jun
776,"Work, Energy and Power in 1 Shot (Part 2) - All Concepts, Tricks | Class 11 | JEE Main & Advanced",2021-06-18,269158,13368,0,442,Jun
777,"Permutation and Combination in 1 Shot (Part 1) - All Concepts, Tricks & PYQs | JEE Main & Advanced",2021-06-16,916574,29528,0,1590,Jun
778,"Work, Energy and Power in 1 Shot (Part 1) - All Concepts, Tricks | Class 11 | JEE Main & Advanced",2021-06-15,702217,29527,0,1021,Jun
779,Periodic Table in 1 Shot - From Basics to Advanced | Class 11 | JEE Main & Advanced,2021-06-14,952132,33077,0,2646,Jun
780,"GASEOUS STATE in 1 Shot - All Concepts, Tricks & PYQs Covered | Class 11 | JEE Main & Advanced",2021-06-13,877807,28709,0,1277,Jun
781,"Binomial Theorem in 1 Shot - All Concepts, Tricks & PYQs Covered | Class 11 | JEE Main & Advanced",2021-06-12,904796,30189,0,1795,Jun
782,"Circular Motion in 1 Shot - All Concepts, Tricks & PYQs Covered | Class 11 | JEE Main & Advanced",2021-06-11,338257,16633,0,693,Jun
783,"FRICTION in 1 Shot - All Concepts, Tricks & PYQs | Class 11 | JEE Main & Advanced",2021-06-11,320873,14893,0,505,Jun
784,"Complex Numbers in 1 Shot (Part 2) - All Concepts, Tricks & PYQs Covered | Class 11 | JEE Main & Adv",2021-06-09,492254,18298,0,1193,Jun
785,"Laws of Motion in 1 Shot - All Concepts, Tricks and PYQs Covered | Class 11 | JEE Main & Advanced",2021-06-08,745986,30281,0,1344,Jun
786,"Atomic Structure in 1 Shot - All Concepts, Tricks & PYQs Covered | Class 11 | JEE Main & Advanced",2021-06-06,1948759,60720,0,2918,Jun
787,"Complex Numbers in 1 Shot - All Concepts, Tricks & PYQs Covered | Class 11 | JEE Main & Advanced",2021-06-05,1328856,45849,0,2505,Jun
788,"Complete KINEMATICS in 1 Shot - All Concepts, Tricks & PYQs Covered | Class 11 | JEE Main & Advanced",2021-06-04,1113039,47402,0,3272,Jun
789,Physics - NEW Faculty Launch !!! Thanks for Your Love & Support üôè,2021-06-04,254028,29036,0,2628,Jun
790,"IUPAC in 1 Shot - All Concepts, Tricks & PYQs Covered | JEE Main & Advanced",2021-06-03,797632,30971,0,1641,Jun
791,"Quadratic Equations in 1 Shot - All Concepts, PYQs Covered | Class 11 | JEE Main & Advanced",2021-06-02,1556109,51015,0,4594,Jun
792,"Basic Mathematics in 1 Shot - All Concepts, Tricks & PYQs | Class 11 | JEE Main/Advanced",2021-06-01,708375,32812,0,1163,Jun
793,"Mole Concept in 1 Shot - Every Concepts, Tricks & PYQs Covered | JEE Main & Advanced",2021-05-30,2287414,70636,0,3954,May
794,MANZIL Batch - Complete VECTORS in 1 Shot | Day 1,2021-05-28,1496166,61002,0,3523,May
795,MANZIL Tak Jana Hai Bachhon !!!,2021-05-25,474687,43364,0,4450,May
