please,21646
crash,10224
him,638
earth,703
reviews,15830
guiding,4514
mistakes,848
extra,822
v,1030
attractive,3187
>,2053
channels,5615
alakh,4251
pandey,12059
hindi,34981
maharashtra,547
telugu,805
profiles,3346
telegram,113769
complaints,3062
brahmastra,1504
timestamps,575
*,25604
constitution,2014
indian,31712
air,8937
note,2849
enrolment,1834
defence,5921
schedules,508
uploaded,2512
motivation,2478
organizations,574
income,649
justice,687
bank,5995
india,29554
experienced,589
guidance,14438
total,636
happy,2811
dimensions,536
discussions,553
mainly,1214
train,559
report,2709
gandhi,2440
war,543
subhash,654
chandra,615
dual,595
direction,4179
reallife,1098
operation,582
definite,593
conservation,654
agriculture,520
maximum,3793
alternating,695
notification,1438
nd,2217
non,580
ka,605
press,2691
league,1087
ajit,2488
bond,732
importance,1622
mantra,6622
sexual,763
flowering,1206
plants,2135
bills,831
political,782
heat,1417
gas,837
laws,2408
vocab,1063
root,535
inverse,686
suggestions,1528
acids,1168
quality,2584
clear,9160
remember,2878
animal,1017
army,1208
sagar,843
abhyas,1464
cell,2595
rights,766
shah,1858
battle,7891
sprint,3277
rajput,836
period,589
delhi,4763
gupta,5701
relations,7516
hai,2406
indias,2618
revising,876
apne,629
ko,1378
ke,5045
saath,747
units,933
ek,936
formation,583
material,18613
col,560
kaa,11456
officer,893
courage,2618
aur,4298
bseb,1798
sir,255795
kii,2968
lead,604
shaurya,1957
till,874
value,881
pr,1069
manzil,1037
selected,1288
TRUE,812
ease,2717
committed,8614
attempt,2162
ki,1929
month,1444
detailed,12097
rs,991
newspaper,7552
strength,1800
railway,549
clearing,21365
rahul,13882
relevant,1464
seats,712
anywhere,733
conducted,8851
targeting,812
purchase,554
october,2747
biggest,3457
rajasthan,1106
hindu,27132
gov,1315
upload,544
kar,565
feb,3612
mar,1328
mon,5872
fri,4821
gs,18097
vikas,806
maam,26611
experts,14328
govt,5716
freedom,947
plans,504
parliament,2067
ma'am,5662
animals,500
dec,2106
jan,1955
oct,787
nov,3278
pre,2156
evaluation,922
comprehension,692
industries,559
transport,579
nationalism,583
rank,5396
indices,1854
pratap,1642
acid,648
kren,864
highest,1861
face,3402
sector,3280
climate,630
boost,2094
mohit,2665
bhaart,9956
foundationth,896
deals,634
exclusive,7881
sheet,2223
enrollment,3631
sept,1302
released,1957
aug,936
minds,3822
sun,6901
ad,1284
kumar,33129
sc,514
verma,2953
guidelines,8031
regarding,2163
enterprise,946
trained,986
auto,581
cyber,2439
intermediate,1201
pi,2587
q,941
issues,3670
cr,531
trends,1021
dev,1097
accounts,10002
updated,2556
referral,27576
compete,1294
instructor,1482
roles,2481
grab,539
wed,4580
partnership,515
objectives,958
monthly,602
due,805
configuration,1571
azure,8882
consists,916
accuracy,534
direct,1379
paying,1506
pipeline,682
sp,518
exception,662
commonly,628
greater,4866
ideal,783
increase,5134
conduct,1488
additional,2642
achieve,647
prefer,1047
customer,599
perfect,1900
below,13270
electronic,788
average,625
lite,1786
corner,1744
subscription,322155
improved,2633
wise,2571
loan,13307
strong,6340
leave,701
minute,1335
playlists,14365
legends,675
multi,1097
pure,550
valid,883
missed,754
dates,712
manager,1442
ratio,697
icon,4597
scoring,1127
increasing,658
requested,1881
min,1248
dedicated,95687
indepth,1410
parallel,535
veteran,606
gold,688
scheduled,3218
cells,654
spread,31235
seo,646
abc,2434
ace,2840
bcr,735
fb,1950
gd,1824
ir,7377
ma,957
ms,4696
pg,748
md,4414
sankalp,1624
ultra,503
enrol,10775
hiring,2724
recording,1508
prayas,596
bestinclass,27007
hindii,535
yakeen,726
baic,1035
/,982
hr,8529
lakshya,7575
kanpur,789
prateek,1417
pankaj,713
manish,3046
aapkaa,612
crores,1638
udaan,3740
trending,2318
tuesday,4250
thursday,2749
booster,18233
discount,75414
motivational,1035
fee,693
centre,549
jaipur,660
goyal,7405
raftaar,2312
dedication,3736
papers,2614
stars,507
explanation,2181
critical,1587
pallav,2199
joshi,1085
describing,1675
mega,3868
upto,603
monfri,13774
tue,4616
thur,1832
ummeed,1241
monsat,1713
apphomepace,523
kingdom,1128
durationmonths,518
classth,711
fastrack,2444
mondaysunday,518
everyday,1294
montuewedthurfri,518
batchcomplete,2064
courseth,516
angular,3023
tyagi,4116
gases,666
impulse,746
untill,679
numericals,1790
identity,587
cycle,1628
spectrum,563
sst,4217
blood,740
favourite,39482
playstore,742
chap,1311
amit,15216
xixii,635
follows,968
modi,1308
sanjay,16935
anil,921
awasthi,5182
sirs,1276
ac,13560
charges,978
variation,768
mittal,2365
kp,2438
srivastava,6080
bharat,759
maha,624
icai,844
bombay,1762
rakesh,1008
jatin,855
sahil,3519
abhilash,1233
sharma,15206
subscriptions,1171
achievers,1557
sharmas,1272
unlock,18227
subscribed,31408
avail,32478
prashant,1352
jain,1951
qualified,16643
yt,5528
violation,5633
nishant,6819
vora,2262
yrs,513
sakshi,3564
nvlive,788
sakshilive,532
headtohead,719
learners,23259
prodigy,3569
apni,821
sharmain,1049
eligibility,5554
cleared,3511
championship,3142
mechanisms,774
garg,2830
mishra,3867
rao,5225
announcements,528
maams,965
electronics,973
advantages,561
next,12628
events,1067
storage,1525
users,594
tasks,535
lets,17546
such,70307
n,1064
planning,1973
sat,6345
background,725
explore,927
area,967
they,6864
because,1282
week,5144
order,1310
key,2938
shortly,2058
exercise,1609
setup,1035
decision,736
reinforcement,535
neural,1814
networks,1949
deep,3496
thank,606
ethics,817
shows,5802
enhance,669
men,3069
population,526
growth,872
studios,6246
november,3307
self,1546
defense,1186
fill,11386
hours,7606
august,1933
ask,113725
among,1047
core,1055
completed,3931
completely,4044
above,3794
matter,3115
makes,1286
am,75349
track,1127
contribute,625
providing,7581
change,1440
share,39039
similar,702
agile,533
related,10052
keep,1121
minutes,2517
foundation,37939
rise,2824
gain,2499
detail,8171
periodic,1330
notifications,32400
does,1385
ongoing,1724
utilize,3263
based,6722
global,1260
chosen,2630
half,701
author,735
young,5523
talking,898
f,1359
july,3701
age,1472
effectively,739
aspiring,5427
different,7484
apart,11549
expected,2583
spring,1286
base,530
choice,548
choose,4305
focus,8470
aspects,2891
further,1906
valuable,5444
bridge,1587
feel,32855
combat,48167
ios,61289
june,4137
struggle,770
always,501
episode,1183
stay,40366
keeping,4369
platforms,702
diseases,713
human,3169
chance,1451
lie,1561
real,28712
fields,681
p,1770
dynamic,1148
government,8100
want,13714
stand,610
useful,3123
path,3398
provides,2600
provide,9024
staff,1455
giving,8663
difficult,630
higher,697
private,4775
may,8436
ab,544
across,4543
ways,621
apply,6928
marketing,2953
beginning,1046
march,4614
bitcoin,980
become,3282
r,1945
updates,73084
being,2568
plan,11492
large,578
cat,1183
mile,868
food,611
easy,9360
x,7248
visit,26880
run,813
planner,19008
node,809
random,546
rule,1008
joint,1110
rules,1057
supervised,613
vector,1657
regression,809
loss,593
processes,1584
unsupervised,600
clustering,593
structure,5017
tensorflow,2354
image,826
accessible,1811
virtual,3867
specific,557
completing,619
able,2896
advantage,32685
awarded,912
easily,958
invite,1338
particular,647
comment,5246
access,105781
offer,2705
wish,41504
scripts,806
needs,8696
materials,1719
basis,1892
aim,2047
completion,4704
towards,1578
straight,1502
st,5100
str,811
target,7682
act,3759
cases,1149
connect,4309
health,1439
body,1396
others,5422
media,6273
cross,523
ethical,520
line,3433
stress,861
reach,4135
effect,1428
weekly,14234
static,1144
service,4567
revolution,1487
cost,1261
per,3913
containers,657
details,9885
september,2503
left,963
four,659
whole,1075
review,941
seconds,821
engine,675
net,19056
takes,1605
case,5459
networking,1069
emphasis,4866
guide,7316
sharing,22074
links,3621
really,556
believe,5269
top,91268
very,8623
light,2101
button,5986
dr,6214
whatsapp,2255
claim,1371
unlimited,101499
covering,5907
basics,4463
beginners,4215
starting,2897
miss,36195
smart,4953
tell,536
stories,2763
physical,7080
win,7772
th,51782
second,770
famous,592
score,4949
months,6116
apache,1841
upon,4662
release,747
tune,532
robin,889
l,19276
transfer,1033
tuned,36158
areas,782
success,8297
mentioned,861
announcement,1385
lines,1584
sources,891
cluster,731
flow,964
rate,886
continuity,883
cover,40447
master,4794
spark,3344
organic,5091
plant,1952
advance,7586
sample,6289
require,3172
state,5238
depth,3313
plane,1201
distance,665
energy,3368
demand,1206
h,696
schemes,745
popular,1505
special,127476
parts,930
interesting,7059
components,2138
implement,2808
done,1349
evolve,3877
covered,12314
cut,582
another,9804
object,1556
early,1375
goal,7257
internal,2793
feature,1849
handling,1672
lifecycle,693
posts,595
deploying,743
deployment,1072
usage,928
iconic,24341
potential,2322
super,1586
quick,3471
growing,535
exciting,1398
identifying,536
pro,2226
head,5129
jquery,898
interaction,98388
ii,1933
s,2053
deliver,624
ability,3218
save,507
devops,19698
continuous,1749
click,53232
platform,56939
pm,152377
crack,116302
everything,1248
sound,712
detection,682
thorough,2245
introduces,3046
third,786
combination,1643
jest,1890
coverage,1781
ancient,9784
g,734
automate,858
maps,1040
registration,2018
pace,779
active,619
options,726
tab,780
strategy,88792
industrial,651
tier,905
solid,1741
yet,6630
execution,715
coordinate,561
call,22617
highquality,3270
december,2228
widely,602
monitoring,1006
mean,734
accelerate,3670
se,1580
nature,900
major,11225
led,3001
block,1408
includes,4397
favorite,70568
operations,1740
account,2085
products,1123
product,912
enter,19849
duration,885
presents,1702
khan,712
breaking,803
relation,1250
iii,604
role,1157
extensive,501
various,12160
discusses,2514
founder,989
wherein,923
abhishek,696
singh,26754
central,688
description,2749
bio,2168
brings,14597
previous,5654
installation,914
hit,4585
josh,534
max,1489
plus,88820
gear,721
surprise,736
nodes,777
society,909
buy,2748
personal,23167
touch,8282
express,3460
star,535
edition,1005
contest,2967
weekend,8750
january,3026
sunday,10966
prizes,4557
never,4279
professional,2096
tricks,39026
sure,4048
vivek,3878
beneficial,3381
discussed,4215
helps,8813
entire,43151
pandas,524
realtime,73479
ahead,541
launch,1719
however,867
edge,5393
money,570
there's,1656
shift,1056
insight,938
mind,1242
awesome,5182
optional,6557
doing,853
ucl,1191
moment,727
rd,3176
highly,12551
scalable,761
principle,786
architect,10028
ec,543
gives,1174
held,1114
mission,8078
bring,3582
amazing,11214
fit,623
confidence,4598
fundamentals,1406
iot,1795
difference,1062
etc,10365
signup,3053
extremely,663
confusion,1173
section,9207
wednesday,3944
leads,603
aims,13213
manufacturing,1206
perform,1010
interactions,528
essential,695
vast,546
daily,62927
electrical,698
crucial,11516
expert,5211
worth,5906
successful,825
market,1650
conversation,13440
official,1059
about,88086
according,4072
after,7831
all,152216
along,10377
already,32270
also,58901
amazon,2627
an,24690
and,790352
android,66834
any,64923
anyone,1070
anything,695
apis,513
appropriate,666
april,7268
are,104672
around,4095
as,74824
assistant,2974
at,91052
attend,4217
available,11091
avoid,872
aws,14372
b,3754
back,11957
basic,9777
be,214408
been,6586
before,2455
behind,594
bell,4921
benefits,114876
best,74022
better,10150
between,2877
big,16453
both,2889
break,593
brief,871
browser,16644
bugs,15555
build,2689
building,2066
business,10634
but,12097
by,289877
called,2097
can,157135
cc,511
champions,789
changing,788
channel,224142
check,11162
collection,1343
come,1518
comes,2692
coming,557
command,872
common,1968
commons,501
communities,596
community,41719
companies,1485
company,814
complex,2388
compute,620
computer,12934
computing,3524
concepts,24785
content,12232
continue,2223
control,1710
country,36250
covers,10009
create,3132
created,3033
creating,876
creative,2323
culture,5885
currently,720
d,3611
date,5032
david,1206
day,40425
days,10042
demo,1614
deploy,1064
design,3546
designed,5081
develop,1686
development,7852
did,694
digital,3204
director,1171
discord,918
discuss,15900
do,42873
dont,931
don't,32966
download,186490
dream,1275
during,28622
e,2647
each,39749
economic,2337
economics,28773
effective,547
emerge,3427
end,6464
engineer,12596
engineers,2162
ensure,533
enterprises,597
environment,14263
errors,869
especially,516
even,972
event,4132
every,47461
everyone,3038
evolution,1203
exchange,559
executive,1053
exercises,643
experience,16979
experiences,1305
explained,2847
explains,1590
expressions,897
extension,752
facebook,15511
facts,980
faculty,3073
family,604
fast,1888
february,1365
fellow,966
festival,705
few,936
field,3730
file,1125
files,606
final,2221
finally,604
finance,1014
find,10099
first,23837
flask,1766
focuses,627
follow,61643
following,41688
for,602250
form,53227
format,1067
forms,801
forward,657
frameworks,987
free,154854
frequently,577
friday,7713
friends,31551
from,253420
full,21011
fun,779
function,1818
functions,5231
future,13014
game,647
general,15043
genetics,644
get,207224
getting,921
give,8249
given,1186
go,8221
going,5717
good,3138
google,12657
got,2075
great,1674
group,42388
groups,538
had,778
handle,2656
handson,1569
has,67187
have,73292
having,4735
he,21824
hello,1465
help,81533
helpful,4962
her,2124
here,212442
high,3989
his,9328
home,907
hosting,1395
hour,1360
how,50261
i,6897
ie,7857
if,39072
important,54490
improve,1775
in,415054
include,3494
including,2328
industry,2798
informatica,557
infrastructure,2564
inheritance,1928
insights,1412
instagram,14325
install,20115
interactive,1318
international,11700
internet,517
interview,6922
interviews,1015
into,9619
introduce,829
introduction,12413
is,151292
its,8657
j,1587
job,3195
join,63432
journey,5117
just,36309
k,4425
know,42928
known,1646
lambda,580
largest,697
last,4679
latest,37848
leading,1292
leverage,543
life,7992
like,15124
limited,81456
limits,847
link,180085
linkedin,7520
list,1467
live,294184
living,787
load,758
look,523
looking,3929
lot,24186
m,1422
machines,1167
made,1119
main,28434
make,19859
making,6818
malan,1166
manage,1926
managers,1983
managing,518
many,7690
marathon,5917
me,7565
medium,3251
method,1660
methods,1808
mobile,1018
mock,13108
models,1128
modern,10225
monday,9185
more,152167
morning,7799
most,26723
movement,948
moving,1176
much,2369
must,7135
my,5590
name,1902
national,6352
natural,627
nearly,724
need,11100
new,15856
no,5604
not,19115
now,88847
o,1833
objects,678
of,420579
off,31812
offers,677
offline,98822
on,366578
one,124024
online,133912
only,14768
open,2764
opportunities,619
opportunity,1757
or,66682
other,37783
out,23648
over,41489
overview,1428
own,1446
part,59319
passionate,4371
patterns,552
people,818
play,9213
playlist,93929
point,1464
possible,1217
post,5101
power,10693
powerful,915
practice,13048
preparing,35405
presented,1354
price,1009
production,1289
properties,3451
provided,5867
public,6103
quora,1001
raj,1559
react,2060
read,1828
ready,5664
recognition,518
recorded,1950
register,2368
regular,2624
reporter,807
required,2307
resources,2620
rest,888
right,2859
same,926
saturday,3059
scratch,526
search,1160
security,9894
see,2390
select,751
selection,3283
series,43958
services,8280
session,102667
set,4941
shares,2874
she,5129
shop,704
short,1090
shorts,3346
shot,5886
should,6459
show,9397
side,530
sign,536
simple,2462
since,1528
single,751
slack,501
so,8129
social,11593
software,2938
some,14577
soon,786
source,2373
space,16508
speak,4851
speech,641
speed,870
stage,1679
standard,1243
start,5349
started,1070
starts,2986
step,966
steps,1316
store,11273
story,696
strategies,3947
stream,3967
subscribe,204908
summer,535
support,5085
surface,1373
table,2037
take,61034
taken,1266
taking,2474
talk,7560
talks,1240
taught,3508
text,1272
than,5594
that,44950
the,1225157
their,50574
them,28589
then,2839
there,5549
these,8462
things,1668
this,234462
those,2632
thousands,4253
three,5855
through,16271
throughout,5265
time,35921
times,3692
to,802831
today,54780
together,4675
tool,1663
tools,4519
tree,542
try,4023
twitter,14346
two,2787
type,748
types,4297
ultimate,1280
under,4060
understand,13296
understanding,11620
unique,1805
unit,2328
up,6657
upcoming,22915
update,5721
us,79210
use,112295
used,4415
user,1773
using,38441
version,661
video,67406
videos,234972
view,1841
vision,2828
vs,3040
walk,2797
was,2300
watch,161432
water,877
way,2924
we,105643
welcome,27944
well,8350
we'll,2022
were,3442
what,14457
when,3045
where,4096
which,63763
while,2358
who,117544
why,7104
will,349704
windows,538
with,282620
within,2675
without,5409
work,8457
worked,1536
working,3447
works,3322
world,9957
would,4361
write,10433
year,8453
years,15646
you,423394
your,333150
yourself,1336
youtube,46828
our,159624
microsoft,2061
-,42354
--,6770
a,263627
